list-none-none,1,10,1,30,90968,3032
list-none-none,1,100,1,300,126672,422
list-none-none,1,1000,1,3000,3453083,1151
list-none-none,1,10000,1,30000,622619127,20753
list-none-none,1,20000,1,60000,3387782309,56463
list-none-none,2,1,1,6,133526,22254
list-none-none,2,10,1,60,114631,1910
list-none-none,2,100,1,600,342586,570
list-none-none,2,1000,1,6000,31673165,5278
list-none-none,4,1,1,12,175767,14647
list-none-none,4,10,1,120,206217,1718
list-none-none,8,10,1,240,224936,937
list-none-none,12,1,1,36,291798,8105
list-none-none,12,10,1,360,339054,941
list-i-none,2,1,1,6,142255,23709
list-i-none,2,4,1,24,70414,2933
list-i-none,2,8,1,48,109075,2272
list-i-none,2,16,1,96,133793,1393
list-i-none,4,1,1,12,844970,70414
list-i-none,4,2,1,24,157530,6563
list-i-none,4,4,1,48,92954,1936
list-i-none,4,8,1,96,182453,1900
list-i-none,4,16,1,192,217252,1131
list-i-none,8,1,1,24,220078,9169
list-i-none,8,2,1,48,240721,5015
list-i-none,8,4,1,96,258734,2695
list-i-none,12,1,1,36,336026,9334
list-i-none,12,2,1,72,299501,4159
list-i-none,12,4,1,144,333941,2319
list-i-none,12,8,1,288,313142,1087
list-d-none,2,1,1,6,96297,16049
list-d-none,2,2,1,12,95412,7951
list-d-none,2,4,1,24,79014,3292
list-d-none,2,8,1,48,121798,2537
list-d-none,2,32,1,192,291219,1516
list-d-none,4,1,1,12,180199,15016
list-d-none,4,2,1,24,164627,6859
list-d-none,4,8,1,96,174534,1818
list-d-none,8,2,1,48,224342,4673
list-d-none,12,1,1,36,334701,9297
list-d-none,12,2,1,72,334938,4651
list-il-none,2,1,1,6,98068,16344
list-il-none,2,2,1,12,111917,9326
list-il-none,2,4,1,24,118502,4937
list-il-none,2,32,1,192,267980,1395
list-il-none,4,1,1,12,171213,14267
list-il-none,4,2,1,24,106890,4453
list-il-none,8,2,1,48,245186,5108
list-il-none,12,1,1,36,355999,9888
list-il-none,12,4,1,144,311435,2162
list-il-none,12,8,1,288,327736,1137
list-dl-none,2,1,1,6,111306,18551
list-dl-none,2,2,1,12,150150,12512
list-dl-none,2,4,1,24,124889,5203
list-dl-none,2,8,1,48,126500,2635
list-dl-none,4,1,1,12,173121,14426
list-dl-none,4,2,1,24,120857,5035
list-dl-none,4,4,1,48,175223,3650
list-dl-none,4,8,1,96,191328,1993
list-dl-none,12,4,1,144,291076,2021
list-i-m,12,32,1,1152,7307521,6343
list-d-m,12,32,1,1152,7475337,6489
list-il-m,12,32,1,1152,7975124,6922
list-dl-m,12,32,1,1152,8572538,7441
list-i-s,12,32,1,1152,12996138,11281
list-d-s,12,32,1,1152,11011109,9558
list-il-s,12,32,1,1152,13823878,11999
list-dl-s,12,32,1,1152,17763555,15419
list-none-none,1,1000,1,3000,3520464,1173
list-none-m,1,1000,1,3000,3551909,1183
list-none-m,2,1000,1,6000,20648631,3441
list-none-m,4,1000,1,12000,80256572,6688
list-none-m,8,1000,1,24000,368882638,15370
list-none-m,12,1000,1,36000,1004824432,27911
list-none-m,16,1000,1,48000,1941880819,40455
list-none-m,24,1000,1,72000,3876488936,53840
list-none-s,1,1000,1,3000,3498350,1166
list-none-s,2,1000,1,6000,22780642,3796
list-none-s,4,1000,1,12000,173082510,14423
list-none-s,8,1000,1,24000,1281859278,53410
list-none-s,12,1000,1,36000,2979401613,82761
list-none-s,16,1000,1,48000,9398636579,195804
list-none-s,24,1000,1,72000,59588449787,827617
list-none-none,1,10,1,30,84883,2829
list-none-none,1,100,1,300,119676,398
list-none-none,1,1000,1,3000,3513118,1171
list-none-none,1,10000,1,30000,620775531,20692
list-none-none,1,20000,1,60000,3522655211,58710
list-none-none,2,1,1,6,93693,15615
list-none-none,2,10,1,60,131317,2188
list-none-none,2,100,1,600,192716,321
list-none-none,4,1,1,12,171435,14286
list-none-none,8,1,1,24,285598,11899
list-none-none,12,1,1,36,410099,11391
list-i-none,2,4,1,24,93059,3877
list-i-none,2,8,1,48,113477,2364
list-i-none,2,16,1,96,157489,1640
list-i-none,2,32,1,192,306058,1594
list-i-none,4,1,1,12,1312803,109400
list-i-none,4,4,1,48,125254,2609
list-i-none,8,1,1,24,209700,8737
list-i-none,12,1,1,36,378212,10505
list-i-none,12,2,1,72,335470,4659
list-d-none,2,1,1,6,73473,12245
list-d-none,2,2,1,12,93184,7765
list-d-none,2,4,1,24,140998,5874
list-d-none,2,16,1,96,132038,1375
list-d-none,2,32,1,192,301704,1571
list-d-none,4,2,1,24,161834,6743
list-d-none,8,1,1,24,203359,8473
list-d-none,8,2,1,48,1050165,21878
list-d-none,8,4,1,96,220356,2295
list-d-none,12,4,1,144,304865,2117
list-il-none,2,2,1,12,113518,9459
list-il-none,4,2,1,24,149425,6226
list-il-none,8,2,1,48,269707,5618
list-il-none,12,1,1,36,338013,9389
list-il-none,12,4,1,144,338800,2352
list-dl-none,2,1,1,6,104554,17425
list-dl-none,2,8,1,48,172945,3603
list-dl-none,2,16,1,96,180889,1884
list-dl-none,4,2,1,24,169709,7071
list-dl-none,8,1,1,24,265757,11073
list-dl-none,8,4,1,96,252984,2635
list-dl-none,12,2,1,72,349212,4850
list-i-m,12,32,1,1152,7746277,6724
list-d-m,12,32,1,1152,8150050,7074
list-il-m,12,32,1,1152,9066956,7870
list-dl-m,12,32,1,1152,8914400,7738
list-i-s,12,32,1,1152,15136575,13139
list-d-s,12,32,1,1152,12006348,10422
list-il-s,12,32,1,1152,11755249,10204
list-dl-s,12,32,1,1152,11998711,10415
list-none-none,1,1000,1,3000,3508281,1169
list-none-m,1,1000,1,3000,3586913,1195
list-none-m,2,1000,1,6000,20768413,3461
list-none-m,4,1000,1,12000,79218828,6601
list-none-m,8,1000,1,24000,361097320,15045
list-none-m,12,1000,1,36000,774488437,21513
list-none-m,16,1000,1,48000,1622204933,33795
list-none-m,24,1000,1,72000,3768418730,52339
list-none-s,1,1000,1,3000,3542456,1180
list-none-s,2,1000,1,6000,20258576,3376
list-none-s,4,1000,1,12000,187424828,15618
list-none-s,8,1000,1,24000,2075318445,86471
list-none-s,12,1000,1,36000,3910492643,108624
list-none-s,16,1000,1,48000,9384834845,195517
list-none-s,24,1000,1,72000,56747833444,788164
list-none-none,1,10,1,30,90188,3006
list-none-none,1,100,1,300,127921,426
list-none-none,1,1000,1,3000,3418721,1139
list-none-none,1,10000,1,30000,627340562,20911
list-none-none,1,20000,1,60000,3477545317,57959
list-none-none,2,1,1,6,95776,15962
list-none-none,2,10,1,60,93526,1558
list-none-none,2,1000,1,6000,33629384,5604
list-none-none,4,1,1,12,100234,8352
list-none-none,4,10,1,120,170675,1422
list-none-none,8,1,1,24,200336,8347
list-none-none,12,10,1,360,281113,780
list-i-none,2,1,1,6,67068,11178
list-i-none,2,2,1,12,72529,6044
list-i-none,2,4,1,24,82099,3420
list-i-none,2,32,1,192,219383,1142
list-i-none,4,1,1,12,130019,10834
list-i-none,8,1,1,24,189418,7892
list-i-none,8,2,1,48,191894,3997
list-i-none,12,2,1,72,1430256,19864
list-d-none,2,1,1,6,72880,12146
list-d-none,2,2,1,12,66215,5517
list-d-none,2,4,1,24,73425,3059
list-d-none,2,16,1,96,120135,1251
list-d-none,4,1,1,12,127170,10597
list-d-none,4,4,1,48,93679,1951
list-d-none,8,4,1,96,177701,1851
list-d-none,12,4,1,144,375002,2604
list-d-none,12,8,1,288,350378,1216
list-il-none,2,1,1,6,86168,14361
list-il-none,2,2,1,12,80101,6675
list-il-none,2,4,1,24,152838,6368
list-il-none,4,1,1,12,134878,11239
list-il-none,4,8,1,96,116768,1216
list-il-none,8,1,1,24,298048,12418
list-il-none,8,2,1,48,181313,3777
list-il-none,12,1,1,36,354422,9845
list-il-none,12,4,1,144,329600,2288
list-il-none,12,8,1,288,332852,1155
list-dl-none,2,1,1,6,73828,12304
list-dl-none,2,2,1,12,67864,5655
list-dl-none,2,4,1,24,110368,4598
list-dl-none,2,16,1,96,143932,1499
list-dl-none,4,4,1,48,185115,3856
list-dl-none,8,4,1,96,192985,2010
list-dl-none,12,1,1,36,285159,7921
list-i-m,12,32,1,1152,7643935,6635
list-d-m,12,32,1,1152,8195348,7114
list-il-m,12,32,1,1152,7480720,6493
list-dl-m,12,32,1,1152,7813700,6782
list-i-s,12,32,1,1152,13045180,11323
list-d-s,12,32,1,1152,6829705,5928
list-il-s,12,32,1,1152,17388905,15094
list-dl-s,12,32,1,1152,21511635,18673
list-none-none,1,1000,1,3000,3452606,1150
list-none-m,1,1000,1,3000,3754031,1251
list-none-m,2,1000,1,6000,19132217,3188
list-none-m,4,1000,1,12000,94390048,7865
list-none-m,8,1000,1,24000,305549554,12731
list-none-m,12,1000,1,36000,903906522,25108
list-none-m,16,1000,1,48000,1844702846,38431
list-none-m,24,1000,1,72000,3630271644,50420
list-none-s,1,1000,1,3000,3498735,1166
list-none-s,2,1000,1,6000,20090530,3348
list-none-s,4,1000,1,12000,210381576,17531
list-none-s,8,1000,1,24000,982282661,40928
list-none-s,12,1000,1,36000,3391943533,94220
list-none-s,16,1000,1,48000,8401233519,175025
list-none-s,24,1000,1,72000,66775638428,927439
list-none-none,1,10,1,30,96347,3211
list-none-none,1,100,1,300,132387,441
list-none-none,1,1000,1,3000,3550995,1183
list-none-none,1,10000,1,30000,701057069,23368
list-none-none,1,20000,1,60000,3702538094,61708
list-none-none,2,1,1,6,98765,16460
list-none-none,2,10,1,60,88366,1472
list-none-none,8,1,1,24,209076,8711
list-i-none,2,1,1,6,81812,13635
list-i-none,2,2,1,12,81048,6754
list-i-none,2,4,1,24,83427,3476
list-i-none,2,16,1,96,108974,1135
list-i-none,4,1,1,12,85638,7136
list-i-none,4,2,1,24,155219,6467
list-i-none,8,1,1,24,196402,8183
list-i-none,8,2,1,48,197691,4118
list-i-none,8,4,1,96,199920,2082
list-i-none,12,1,1,36,303429,8428
list-i-none,12,2,1,72,281115,3904
list-i-none,12,4,1,144,290891,2020
list-d-none,2,1,1,6,89897,14982
list-d-none,2,2,1,12,79865,6655
list-d-none,2,4,1,24,84128,3505
list-d-none,2,8,1,48,77625,1617
list-d-none,2,32,1,192,223442,1163
list-d-none,4,2,1,24,94508,3937
list-d-none,4,4,1,48,101176,2107
list-d-none,8,1,1,24,204830,8534
list-d-none,8,2,1,48,180507,3760
list-d-none,8,4,1,96,241989,2520
list-d-none,12,1,1,36,281795,7827
list-d-none,12,2,1,72,242491,3367
list-d-none,12,4,1,144,241138,1674
list-il-none,2,1,1,6,80686,13447
list-il-none,2,2,1,12,86197,7183
list-il-none,2,4,1,24,83544,3481
list-il-none,4,1,1,12,103737,8644
list-il-none,4,2,1,24,110690,4612
list-il-none,4,4,1,48,137561,2865
list-il-none,8,1,1,24,181500,7562
list-il-none,8,2,1,48,169663,3534
list-il-none,8,4,1,96,186391,1941
list-il-none,8,8,1,192,219354,1142
list-il-none,12,1,1,36,297269,8257
list-il-none,12,2,1,72,289676,4023
list-dl-none,2,1,1,6,77703,12950
list-dl-none,2,2,1,12,61772,5147
list-dl-none,2,4,1,24,57813,2408
list-dl-none,2,16,1,96,114939,1197
list-dl-none,2,32,1,192,252513,1315
list-dl-none,4,1,1,12,116712,9726
list-dl-none,8,2,1,48,187292,3901
list-dl-none,8,4,1,96,185819,1935
list-dl-none,12,2,1,72,266192,3697
list-dl-none,12,4,1,144,262245,1821
list-i-m,12,32,1,1152,9015716,7826
list-d-m,12,32,1,1152,13196255,11455
list-il-m,12,32,1,1152,8337376,7237
list-dl-m,12,32,1,1152,8514292,7390
list-i-s,12,32,1,1152,21829620,18949
list-d-s,12,32,1,1152,20343008,17658
list-il-s,12,32,1,1152,12880962,11181
list-dl-s,12,32,1,1152,37099041,32204
list-none-none,1,1000,1,3000,3512146,1170
list-none-m,1,1000,1,3000,3519856,1173
list-none-m,2,1000,1,6000,18957668,3159
list-none-m,4,1000,1,12000,74114293,6176
list-none-m,8,1000,1,24000,390863402,16285
list-none-m,12,1000,1,36000,810099845,22502
list-none-m,16,1000,1,48000,2041140546,42523
list-none-m,24,1000,1,72000,2834033332,39361
list-none-s,1,1000,1,3000,7492310,2497
list-none-s,2,1000,1,6000,43036132,7172
list-none-s,4,1000,1,12000,146423300,12201
list-none-s,8,1000,1,24000,405701217,16904
list-none-s,12,1000,1,36000,1600202829,44450
list-none-s,16,1000,1,48000,7997633407,166617
list-none-s,24,1000,1,72000,65326888529,907317
list-none-none,1,10,1,30,220662,7355
list-none-none,1,100,1,300,367883,1226
list-none-none,1,1000,1,3000,4947103,1649
list-none-none,1,10000,1,30000,881768245,29392
list-none-none,1,20000,1,60000,4052917813,67548
list-none-none,2,1,1,6,245977,40996
list-none-none,2,10,1,60,314570,5242
list-none-none,4,1,1,12,515442,42953
list-none-none,4,10,1,120,459531,3829
list-none-none,8,1,1,24,242121,10088
list-none-none,8,10,1,240,255644,1065
list-none-none,12,1,1,36,346187,9616
list-none-none,12,10,1,360,321551,893
list-i-none,2,1,1,6,77098,12849
list-i-none,2,2,1,12,87155,7262
list-i-none,2,4,1,24,99415,4142
list-i-none,2,8,1,48,122985,2562
list-i-none,4,1,1,12,120938,10078
list-i-none,4,2,1,24,114391,4766
list-i-none,8,1,1,24,236949,9872
list-i-none,12,1,1,36,1149068,31918
list-i-none,12,2,1,72,1128487,15673
list-d-none,2,1,1,6,210692,35115
list-d-none,2,2,1,12,230444,19203
list-d-none,2,4,1,24,281231,11717
list-d-none,4,1,1,12,147137,12261
list-d-none,4,4,1,48,182782,3807
list-d-none,8,1,1,24,269296,11220
list-d-none,8,2,1,48,990697,20639
list-d-none,8,4,1,96,766972,7989
list-d-none,12,1,1,36,343497,9541
list-il-none,2,1,1,6,84449,14074
list-il-none,2,2,1,12,98393,8199
list-il-none,2,4,1,24,122092,5087
list-il-none,2,8,1,48,148201,3087
list-il-none,4,1,1,12,122187,10182
list-il-none,4,2,1,24,166389,6932
list-il-none,8,1,1,24,262498,10937
list-il-none,8,2,1,48,245044,5105
list-il-none,12,1,1,36,319943,8887
list-dl-none,2,1,1,6,778756,129792
list-dl-none,2,2,1,12,113683,9473
list-dl-none,2,4,1,24,135621,5650
list-dl-none,2,8,1,48,168892,3518
list-dl-none,4,1,1,12,184990,15415
list-dl-none,4,8,1,96,619462,6452
list-dl-none,8,1,1,24,938960,39123
list-dl-none,8,2,1,48,959964,19999
list-dl-none,8,4,1,96,228085,2375
list-dl-none,12,1,1,36,340895,9469
list-dl-none,12,2,1,72,375130,5210
list-i-m,12,32,1,1152,19989233,17351
list-d-m,12,32,1,1152,27874197,24196
list-il-m,12,32,1,1152,14063893,12208
list-dl-m,12,32,1,1152,10551426,9159
list-i-s,12,32,1,1152,41204981,35768
list-d-s,12,32,1,1152,33074903,28710
list-il-s,12,32,1,1152,58182642,50505
list-dl-s,12,32,1,1152,38511515,33430
list-none-none,1,1000,1,3000,4979752,1659
list-none-m,1,1000,1,3000,7193117,2397
list-none-m,2,1000,1,6000,12458940,2076
list-none-m,4,1000,1,12000,118286407,9857
list-none-m,8,1000,1,24000,304310789,12679
list-none-m,12,1000,1,36000,965051481,26806
list-none-m,16,1000,1,48000,2160215668,45004
list-none-m,24,1000,1,72000,3534036999,49083
list-none-s,1,1000,1,3000,3527619,1175
list-none-s,2,1000,1,6000,24875246,4145
list-none-s,4,1000,1,12000,144866193,12072
list-none-s,8,1000,1,24000,1559929656,64997
list-none-s,12,1000,1,36000,2957011824,82139
list-none-s,16,1000,1,48000,7413977980,154457
list-none-s,24,1000,1,72000,49650363589,689588
list-none-none,1,10,1,30,55539,1851
list-none-none,1,100,1,300,124659,415
list-none-none,1,1000,1,3000,3496335,1165
list-none-none,1,10000,1,30000,637568120,21252
list-none-none,1,20000,1,60000,3428785137,57146
list-none-none,2,1,1,6,97601,16266
list-none-none,2,10,1,60,75624,1260
list-none-none,12,1,1,36,410453,11401
list-none-none,12,10,1,360,357542,993
list-i-none,2,1,1,6,70516,11752
list-i-none,2,4,1,24,116381,4849
list-i-none,2,8,1,48,126117,2627
list-i-none,2,16,1,96,160840,1675
list-i-none,2,32,1,192,262651,1367
list-i-none,4,4,1,48,107647,2242
list-i-none,8,1,1,24,235061,9794
list-i-none,12,2,1,72,320386,4449
list-i-none,12,4,1,144,348169,2417
list-d-none,2,1,1,6,72216,12036
list-d-none,4,1,1,12,121210,10100
list-d-none,4,4,1,48,153580,3199
list-d-none,8,1,1,24,211927,8830
list-d-none,12,2,1,72,311570,4327
list-il-none,2,1,1,6,107792,17965
list-il-none,2,4,1,24,74800,3116
list-il-none,2,8,1,48,129467,2697
list-il-none,2,32,1,192,313118,1630
list-il-none,4,1,1,12,125913,10492
list-il-none,4,2,1,24,115125,4796
list-il-none,8,2,1,48,201744,4203
list-il-none,12,1,1,36,295651,8212
list-il-none,12,4,1,144,1516125,10528
list-dl-none,2,2,1,12,105051,8754
list-dl-none,2,8,1,48,152034,3167
list-dl-none,2,32,1,192,319810,1665
list-dl-none,8,4,1,96,263822,2748
list-dl-none,12,1,1,36,318877,8857
list-i-m,12,32,1,1152,8004731,6948
list-d-m,12,32,1,1152,7895650,6853
list-il-m,12,32,1,1152,7539975,6545
list-dl-m,12,32,1,1152,7551603,6555
list-i-s,12,32,1,1152,11640614,10104
list-d-s,12,32,1,1152,18695753,16228
list-il-s,12,32,1,1152,6412436,5566
list-dl-s,12,32,1,1152,13259402,11509
list-none-none,1,1000,1,3000,3543999,1181
list-none-m,1,1000,1,3000,3550740,1183
list-none-m,2,1000,1,6000,21596789,3599
list-none-m,4,1000,1,12000,80273981,6689
list-none-m,8,1000,1,24000,348866005,14536
list-none-m,12,1000,1,36000,891305680,24758
list-none-m,16,1000,1,48000,1626649438,33888
list-none-m,24,1000,1,72000,3621486914,50298
list-none-s,1,1000,1,3000,3516156,1172
list-none-s,2,1000,1,6000,27879943,4646
list-none-s,4,1000,1,12000,172393160,14366
list-none-s,8,1000,1,24000,1409485744,58728
list-none-s,12,1000,1,36000,3669643791,101934
list-none-s,16,1000,1,48000,13441245693,280025
list-none-s,24,1000,1,72000,50353583684,699355
list-none-none,1,10,1,30,54629,1820
list-none-none,1,100,1,300,96148,320
list-none-none,1,1000,1,3000,3696907,1232
list-none-none,1,10000,1,30000,671575600,22385
list-none-none,1,20000,1,60000,3597241683,59954
list-none-none,2,1,1,6,97559,16259
list-none-none,2,10,1,60,110416,1840
list-none-none,2,100,1,600,147521,245
list-none-none,2,1000,1,6000,26145912,4357
list-none-none,4,1,1,12,188971,15747
list-none-none,4,10,1,120,156400,1303
list-none-none,8,1,1,24,230638,9609
list-none-none,8,10,1,240,255615,1065
list-none-none,12,1,1,36,350162,9726
list-none-none,12,10,1,360,318778,885
list-i-none,2,1,1,6,109674,18279
list-i-none,2,2,1,12,115952,9662
list-i-none,2,4,1,24,108479,4519
list-i-none,2,8,1,48,111827,2329
list-i-none,2,16,1,96,127001,1322
list-i-none,4,2,1,24,105525,4396
list-i-none,4,4,1,48,120429,2508
list-i-none,8,1,1,24,244138,10172
list-i-none,8,2,1,48,230656,4805
list-i-none,12,1,1,36,357071,9918
list-i-none,12,2,1,72,302052,4195
list-i-none,12,8,1,288,348536,1210
list-d-none,2,1,1,6,84662,14110
list-d-none,2,2,1,12,90438,7536
list-d-none,2,4,1,24,102427,4267
list-d-none,2,8,1,48,111823,2329
list-d-none,2,32,1,192,269249,1402
list-d-none,4,1,1,12,164118,13676
list-d-none,8,2,1,48,279935,5831
list-d-none,12,1,1,36,323143,8976
list-d-none,12,2,1,72,301166,4182
list-d-none,12,8,1,288,1561528,5421
list-il-none,2,1,1,6,104294,17382
list-il-none,2,2,1,12,110840,9236
list-il-none,2,4,1,24,108877,4536
list-il-none,2,8,1,48,121141,2523
list-il-none,4,1,1,12,109474,9122
list-il-none,4,4,1,48,160723,3348
list-il-none,8,1,1,24,270667,11277
list-il-none,8,2,1,48,211358,4403
list-il-none,12,4,1,144,327523,2274
list-il-none,12,8,1,288,326792,1134
list-dl-none,2,1,1,6,77719,12953
list-dl-none,2,4,1,24,118492,4937
list-dl-none,2,8,1,48,115279,2401
list-dl-none,4,1,1,12,141795,11816
list-dl-none,4,8,1,96,202665,2111
list-dl-none,8,1,1,24,220244,9176
list-dl-none,8,2,1,48,222999,4645
list-dl-none,12,1,1,36,294857,8190
list-dl-none,12,4,1,144,310200,2154
list-i-m,12,32,1,1152,7827066,6794
list-d-m,12,32,1,1152,7429518,6449
list-il-m,12,32,1,1152,8078226,7012
list-dl-m,12,32,1,1152,7679301,6666
list-i-s,12,32,1,1152,18993539,16487
list-d-s,12,32,1,1152,17122840,14863
list-il-s,12,32,1,1152,3488220,3027
list-dl-s,12,32,1,1152,14893947,12928
list-none-none,1,1000,1,3000,3524683,1174
list-none-m,1,1000,1,3000,3579640,1193
list-none-m,2,1000,1,6000,21382707,3563
list-none-m,4,1000,1,12000,80296182,6691
list-none-m,8,1000,1,24000,356506741,14854
list-none-m,12,1000,1,36000,646709046,17964
list-none-m,16,1000,1,48000,1610395960,33549
list-none-m,24,1000,1,72000,2745146134,38127
list-none-s,1,1000,1,3000,3492660,1164
list-none-s,2,1000,1,6000,47085867,7847
list-none-s,4,1000,1,12000,211496615,17624
list-none-s,8,1000,1,24000,1112695515,46362
list-none-s,12,1000,1,36000,4410324633,122509
list-none-s,16,1000,1,48000,11161376968,232528
list-none-s,24,1000,1,72000,55424840222,769789
list-none-none,1,10,1,30,81023,2700
list-none-none,1,100,1,300,90923,303
list-none-none,1,1000,1,3000,3502289,1167
list-none-none,1,10000,1,30000,734128059,24470
list-none-none,1,20000,1,60000,5594807550,93246
list-none-none,2,1,1,6,19980175,3330029
list-none-none,2,10,1,60,10399907,173331
list-none-none,2,100,1,600,23352203,38920
list-none-none,4,1,1,12,16442309,1370192
list-none-none,4,10,1,120,23427299,195227
list-i-none,2,1,1,6,29624352,4937392
list-i-none,2,8,1,48,31861781,663787
list-i-none,2,16,1,96,35982551,374818
list-i-none,4,4,1,48,36997068,770772
list-i-none,8,2,1,48,43112217,898171
list-d-none,2,1,1,6,36898398,6149733
list-d-none,2,2,1,12,45431039,3785919
list-d-none,2,4,1,24,33070009,1377917
list-d-none,2,8,1,48,26025390,542195
list-d-none,2,16,1,96,32193837,335352
list-d-none,2,32,1,192,40056002,208625
list-d-none,4,1,1,12,39094996,3257916
list-d-none,12,1,1,36,41488673,1152463
list-il-none,2,1,1,6,25325987,4220997
list-il-none,2,2,1,12,45656434,3804702
list-il-none,2,4,1,24,35476136,1478172
list-il-none,2,8,1,48,36414945,758644
list-il-none,4,16,1,192,44381058,231151
list-dl-none,2,1,1,6,39652550,6608758
list-dl-none,2,2,1,12,40410646,3367553
list-dl-none,2,4,1,24,35435058,1476460
list-dl-none,2,8,1,48,36410008,758541
list-dl-none,2,32,1,192,26402368,137512
list-dl-none,4,1,1,12,62859102,5238258
list-dl-none,8,1,1,24,33463031,1394292
list-i-m,12,32,1,1152,180456563,156646
list-d-m,12,32,1,1152,121546477,105509
list-il-m,12,32,1,1152,199322234,173022
list-dl-m,12,32,1,1152,201093967,174560
list-i-s,12,32,1,1152,669208228,580909
list-d-s,12,32,1,1152,917738193,796647
list-il-s,12,32,1,1152,1138982136,988699
list-dl-s,12,32,1,1152,816555400,708815
list-none-none,1,1000,1,3000,21120828,7040
list-none-m,1,1000,1,3000,22428863,7476
list-none-m,2,1000,1,6000,29689066,4948
list-none-m,4,1000,1,12000,108182978,9015
list-none-m,8,1000,1,24000,166814086,6950
list-none-m,12,1000,1,36000,857902187,23830
list-none-m,16,1000,1,48000,1096763663,22849
list-none-m,24,1000,1,72000,2082404063,28922
list-none-s,1,1000,1,3000,20939415,6979
list-none-s,2,1000,1,6000,47739981,7956
list-none-s,4,1000,1,12000,196357432,16363
list-none-s,8,1000,1,24000,538462208,22435
list-none-s,12,1000,1,36000,5732345593,159231
list-none-s,16,1000,1,48000,8695794367,181162
list-none-s,24,1000,1,72000,50345162514,699238
list-none-none,1,10,1,30,134640,4488
list-none-none,1,100,1,300,133041,443
list-none-none,1,1000,1,3000,3551606,1183
list-none-none,1,10000,1,30000,653020758,21767
list-none-none,1,20000,1,60000,3474963292,57916
list-none-none,2,1,1,6,184809,30801
list-none-none,2,1000,1,6000,36913255,6152
list-none-none,4,10,1,120,166037,1383
list-none-none,8,1,1,24,248001,10333
list-none-none,8,10,1,240,222170,925
list-none-none,12,1,1,36,328849,9134
list-i-none,2,4,1,24,112728,4697
list-i-none,8,4,1,96,252514,2630
list-d-none,2,1,1,6,110909,18484
list-d-none,2,2,1,12,95477,7956
list-d-none,2,4,1,24,96818,4034
list-d-none,2,8,1,48,102841,2142
list-d-none,2,32,1,192,308734,1607
list-d-none,4,1,1,12,122373,10197
list-d-none,4,2,1,24,150614,6275
list-d-none,4,4,1,48,167854,3496
list-d-none,4,8,1,96,159813,1664
list-d-none,8,1,1,24,237700,9904
list-d-none,8,2,1,48,248478,5176
list-d-none,8,4,1,96,241902,2519
list-d-none,12,1,1,36,408447,11345
list-d-none,12,2,1,72,339549,4715
list-d-none,12,4,1,144,312186,2167
list-d-none,12,8,1,288,358773,1245
list-il-none,2,1,1,6,85824,14304
list-il-none,2,2,1,12,95340,7945
list-il-none,2,4,1,24,97165,4048
list-il-none,2,8,1,48,104618,2179
list-il-none,4,2,1,24,125102,5212
list-il-none,4,4,1,48,157060,3272
list-il-none,4,8,1,96,125354,1305
list-il-none,8,1,1,24,203228,8467
list-il-none,8,8,1,192,265812,1384
list-il-none,12,2,1,72,351885,4887
list-dl-none,2,1,1,6,102550,17091
list-dl-none,2,2,1,12,99385,8282
list-dl-none,2,4,1,24,96681,4028
list-dl-none,2,8,1,48,109045,2271
list-dl-none,2,16,1,96,134666,1402
list-dl-none,8,1,1,24,225532,9397
list-dl-none,12,4,1,144,329932,2291
list-i-m,12,32,1,1152,8002847,6946
list-d-m,12,32,1,1152,8101963,7032
list-il-m,12,32,1,1152,8112314,7041
list-dl-m,12,32,1,1152,7687505,6673
list-i-s,12,32,1,1152,9963756,8649
list-d-s,12,32,1,1152,12083453,10489
list-il-s,12,32,1,1152,10664544,9257
list-dl-s,12,32,1,1152,13649738,11848
list-none-none,1,1000,1,3000,3521310,1173
list-none-m,1,1000,1,3000,3602356,1200
list-none-m,2,1000,1,6000,21479827,3579
list-none-m,4,1000,1,12000,84942231,7078
list-none-m,8,1000,1,24000,365614396,15233
list-none-m,12,1000,1,36000,920177906,25560
list-none-m,16,1000,1,48000,2507959094,52249
list-none-m,24,1000,1,72000,595861107,8275
list-none-s,1,1000,1,3000,34099862,11366
list-none-s,2,1000,1,6000,33230445,5538
list-none-s,4,1000,1,12000,150041191,12503
list-none-s,8,1000,1,24000,802496169,33437
list-none-s,12,1000,1,36000,3329292203,92480
list-none-s,16,1000,1,48000,8800730929,183348
list-none-s,24,1000,1,72000,64737365265,899130
list-none-none,1,10,1,30,92740,3091
list-none-none,1,100,1,300,128116,427
list-none-none,1,1000,1,3000,3447529,1149
list-none-none,1,10000,1,30000,615842756,20528
list-none-none,1,20000,1,60000,3374284166,56238
list-none-none,2,1,1,6,121980,20330
list-none-none,2,1000,1,6000,36237233,6039
list-none-none,4,10,1,120,177237,1476
list-none-none,8,1,1,24,245410,10225
list-none-none,12,1,1,36,279688,7769
list-none-none,12,10,1,360,352027,977
list-i-none,2,1,1,6,120484,20080
list-i-none,2,2,1,12,99419,8284
list-i-none,2,4,1,24,130850,5452
list-i-none,2,16,1,96,135067,1406
list-i-none,2,32,1,192,316073,1646
list-i-none,4,1,1,12,112867,9405
list-i-none,4,8,1,96,124274,1294
list-i-none,8,1,1,24,224507,9354
list-i-none,8,2,1,48,231744,4828
list-i-none,8,4,1,96,229678,2392
list-i-none,8,8,1,192,219910,1145
list-i-none,12,1,1,36,329010,9139
list-i-none,12,2,1,72,297848,4136
list-d-none,2,1,1,6,102882,17147
list-d-none,2,2,1,12,118287,9857
list-d-none,2,4,1,24,104615,4358
list-d-none,2,16,1,96,145453,1515
list-d-none,4,2,1,24,179199,7466
list-d-none,4,8,1,96,181901,1894
list-d-none,8,1,1,24,199941,8330
list-d-none,8,2,1,48,243406,5070
list-d-none,12,1,1,36,300228,8339
list-d-none,12,2,1,72,315250,4378
list-il-none,2,1,1,6,77665,12944
list-il-none,2,2,1,12,73979,6164
list-il-none,2,4,1,24,80005,3333
list-il-none,2,8,1,48,102732,2140
list-il-none,2,16,1,96,147927,1540
list-il-none,4,1,1,12,161309,13442
list-il-none,4,2,1,24,174405,7266
list-il-none,4,4,1,48,173138,3607
list-il-none,4,8,1,96,182027,1896
list-il-none,8,1,1,24,292944,12206
list-il-none,8,2,1,48,242922,5060
list-il-none,8,4,1,96,184746,1924
list-il-none,8,8,1,192,230860,1202
list-il-none,12,1,1,36,301681,8380
list-il-none,12,4,1,144,307634,2136
list-dl-none,2,2,1,12,77510,6459
list-dl-none,2,4,1,24,79271,3302
list-dl-none,2,8,1,48,86503,1802
list-dl-none,4,1,1,12,174743,14561
list-dl-none,4,2,1,24,847867,35327
list-dl-none,4,4,1,48,163089,3397
list-dl-none,4,8,1,96,184812,1925
list-dl-none,8,4,1,96,205656,2142
list-dl-none,12,1,1,36,305327,8481
list-i-m,12,32,1,1152,8575005,7443
list-d-m,12,32,1,1152,7549103,6553
list-il-m,12,32,1,1152,8293740,7199
list-dl-m,12,32,1,1152,8113510,7042
list-i-s,12,32,1,1152,10825108,9396
list-d-s,12,32,1,1152,14550673,12630
list-il-s,12,32,1,1152,10061790,8734
list-dl-s,12,32,1,1152,16831631,14610
list-none-none,1,1000,1,3000,3438150,1146
list-none-m,1,1000,1,3000,3454614,1151
list-none-m,2,1000,1,6000,20031686,3338
list-none-m,4,1000,1,12000,80276926,6689
list-none-m,8,1000,1,24000,366099035,15254
list-none-m,12,1000,1,36000,924341652,25676
list-none-m,16,1000,1,48000,1757903038,36622
list-none-m,24,1000,1,72000,4039909592,56109
list-none-s,1,1000,1,3000,3527548,1175
list-none-s,2,1000,1,6000,16608609,2768
list-none-s,4,1000,1,12000,268630648,22385
list-none-s,8,1000,1,24000,1045613445,43567
list-none-s,12,1000,1,36000,6067242932,168534
list-none-s,16,1000,1,48000,13119192292,273316
list-none-s,24,1000,1,72000,54371347061,755157
list-none-none,1,10,1,30,55902,1863
list-none-none,1,100,1,300,95599,318
list-none-none,1,1000,1,3000,3546403,1182
list-none-none,1,10000,1,30000,794093666,26469
list-none-none,1,20000,1,60000,4708941692,78482
list-none-none,2,1,1,6,23416977,3902829
list-none-none,2,10,1,60,10300259,171670
list-none-none,2,100,1,600,1934576,3224
list-none-none,2,1000,1,6000,11084516,1847
list-none-none,4,10,1,120,4489326,37411
list-none-none,4,100,1,1200,3935176,3279
list-none-none,8,1,1,24,2540072,105836
list-none-none,8,10,1,240,948547,3952
list-none-none,12,1,1,36,1379440,38317
list-none-none,12,10,1,360,2913523,8093
list-none-none,12,100,1,3600,1503717,417
list-i-none,2,1,1,6,642578,107096
list-i-none,2,2,1,12,715177,59598
list-i-none,2,4,1,24,457700,19070
list-i-none,2,16,1,96,832896,8676
list-i-none,4,1,1,12,649337,54111
list-i-none,4,2,1,24,521848,21743
list-i-none,4,4,1,48,610411,12716
list-i-none,4,8,1,96,3741835,38977
list-i-none,4,16,1,192,33665058,175338
list-i-none,8,1,1,24,8160308,340012
list-i-none,8,2,1,48,1315579,27407
list-i-none,12,1,1,36,1137338,31592
list-i-none,12,2,1,72,1819737,25274
list-i-none,12,4,1,144,1781651,12372
list-d-none,2,1,1,6,300444,50074
list-d-none,2,2,1,12,236988,19749
list-d-none,2,8,1,48,244471,5093
list-d-none,4,1,1,12,592840,49403
list-d-none,4,2,1,24,1770851,73785
list-d-none,4,4,1,48,3783743,78827
list-d-none,4,8,1,96,2063757,21497
list-d-none,8,1,1,24,1356454,56518
list-d-none,8,2,1,48,1477494,30781
list-d-none,8,4,1,96,1417182,14762
list-d-none,8,16,1,384,11025994,28713
list-d-none,12,1,1,36,1930658,53629
list-d-none,12,4,1,144,2586795,17963
list-il-none,2,1,1,6,261769,43628
list-il-none,2,2,1,12,401263,33438
list-il-none,2,4,1,24,352984,14707
list-il-none,2,16,1,96,655788,6831
list-il-none,2,32,1,192,2153640,11216
list-il-none,4,1,1,12,581469,48455
list-il-none,4,4,1,48,463510,9656
list-il-none,4,16,1,192,1015937,5291
list-il-none,8,1,1,24,4905716,204404
list-il-none,8,4,1,96,825953,8603
list-il-none,12,1,1,36,2225061,61807
list-il-none,12,2,1,72,541062,7514
list-il-none,12,4,1,144,9072256,63001
list-dl-none,2,1,1,6,226489,37748
list-dl-none,2,2,1,12,195390,16282
list-dl-none,2,4,1,24,226810,9450
list-dl-none,2,8,1,48,397308,8277
list-dl-none,2,16,1,96,556743,5799
list-dl-none,4,2,1,24,667685,27820
list-dl-none,4,4,1,48,583215,12150
list-dl-none,8,1,1,24,1117274,46553
list-dl-none,8,2,1,48,3453368,71945
list-dl-none,8,4,1,96,1111945,11582
list-dl-none,8,16,1,384,2171120,5653
list-dl-none,12,1,1,36,978250,27173
list-dl-none,12,2,1,72,1313515,18243
list-dl-none,12,8,1,288,1467567,5095
list-i-m,12,32,1,1152,40014143,34734
list-d-m,12,32,1,1152,47779933,41475
list-il-m,12,32,1,1152,24136441,20951
list-dl-m,12,32,1,1152,77136700,66958
list-i-s,12,32,1,1152,12967839,11256
list-d-s,12,32,1,1152,37446067,32505
list-il-s,12,32,1,1152,277770685,241120
list-dl-s,12,32,1,1152,779460708,676615
list-none-none,1,1000,1,3000,5514445,1838
list-none-m,1,1000,1,3000,19917145,6639
list-none-m,2,1000,1,6000,20658833,3443
list-none-m,4,1000,1,12000,101287134,8440
list-none-m,8,1000,1,24000,255700661,10654
list-none-m,12,1000,1,36000,559944330,15554
list-none-m,16,1000,1,48000,1110099046,23127
list-none-m,24,1000,1,72000,3561984787,49472
list-none-s,1,1000,1,3000,7872796,2624
list-none-s,2,1000,1,6000,19470022,3245
list-none-s,4,1000,1,12000,99052464,8254
list-none-s,8,1000,1,24000,841403213,35058
list-none-s,12,1000,1,36000,2359351308,65537
list-none-s,16,1000,1,48000,10508372413,218924
list-none-s,24,1000,1,72000,52166200721,724530
list-none-none,1,10,1,30,93278,3109
list-none-none,1,100,1,300,107787,359
list-none-none,1,1000,1,3000,3520306,1173
list-none-none,1,10000,1,30000,690372922,23012
list-none-none,1,20000,1,60000,3909176577,65152
list-none-none,2,1,1,6,271217,45202
list-none-none,2,10,1,60,309339,5155
list-none-none,2,100,1,600,431252,718
list-none-none,4,1,1,12,631734,52644
list-none-none,4,10,1,120,577057,4808
list-none-none,4,100,1,1200,609572,507
list-none-none,8,1,1,24,1460581,60857
list-none-none,8,10,1,240,289753,1207
list-none-none,12,1,1,36,1714576,47627
list-none-none,12,10,1,360,1688120,4689
list-none-none,12,100,1,3600,1831347,508
list-i-none,2,1,1,6,362830,60471
list-i-none,2,2,1,12,212854,17737
list-i-none,2,4,1,24,361271,15052
list-i-none,2,16,1,96,793110,8261
list-i-none,2,32,1,192,2016393,10502
list-i-none,4,1,1,12,560894,46741
list-i-none,4,4,1,48,516007,10750
list-i-none,8,1,1,24,1192742,49697
list-i-none,8,2,1,48,1307256,27234
list-i-none,12,1,1,36,1566455,43512
list-i-none,12,2,1,72,1702089,23640
list-d-none,2,1,1,6,229050,38175
list-d-none,2,2,1,12,352568,29380
list-d-none,2,4,1,24,247781,10324
list-d-none,2,8,1,48,378980,7895
list-d-none,2,16,1,96,858077,8938
list-d-none,4,1,1,12,439873,36656
list-d-none,4,2,1,24,600857,25035
list-d-none,4,4,1,48,465254,9692
list-d-none,4,8,1,96,610562,6360
list-d-none,8,1,1,24,1326765,55281
list-d-none,8,2,1,48,1190248,24796
list-d-none,12,1,1,36,1851613,51433
list-d-none,12,2,1,72,1811963,25166
list-il-none,2,1,1,6,189634,31605
list-il-none,2,2,1,12,330862,27571
list-il-none,2,4,1,24,343543,14314
list-il-none,2,16,1,96,662950,6905
list-il-none,2,32,1,192,2197062,11443
list-il-none,4,1,1,12,529892,44157
list-il-none,4,2,1,24,623381,25974
list-il-none,8,1,1,24,1184122,49338
list-il-none,12,1,1,36,1910757,53076
list-il-none,12,2,1,72,1728301,24004
list-il-none,12,4,1,144,1795717,12470
list-il-none,12,8,1,288,1809903,6284
list-dl-none,2,1,1,6,248026,41337
list-dl-none,2,2,1,12,318932,26577
list-dl-none,2,4,1,24,406584,16941
list-dl-none,2,8,1,48,488970,10186
list-dl-none,4,2,1,24,635131,26463
list-dl-none,8,1,1,24,795475,33144
list-dl-none,8,2,1,48,1373157,28607
list-dl-none,8,4,1,96,1092589,11381
list-dl-none,12,1,1,36,1706744,47409
list-dl-none,12,4,1,144,1999435,13884
list-i-m,12,32,1,1152,53970401,46849
list-d-m,12,32,1,1152,86071738,74715
list-il-m,12,32,1,1152,48694140,42269
list-dl-m,12,32,1,1152,61232244,53152
list-i-s,12,32,1,1152,32546271,28251
list-d-s,12,32,1,1152,156858264,136161
list-il-s,12,32,1,1152,337166720,292679
list-dl-s,12,32,1,1152,410103856,355992
list-none-none,1,1000,1,3000,4994850,1664
list-none-m,1,1000,1,3000,8203284,2734
list-none-m,2,1000,1,6000,43492562,7248
list-none-m,4,1000,1,12000,156385800,13032
list-none-m,8,1000,1,24000,523289829,21803
list-none-m,12,1000,1,36000,1108479190,30791
list-none-m,16,1000,1,48000,1933970205,40291
list-none-m,24,1000,1,72000,3829080870,53181
list-none-s,1,1000,1,3000,3502708,1167
list-none-s,2,1000,1,6000,36828508,6138
list-none-s,4,1000,1,12000,202092680,16841
list-none-s,8,1000,1,24000,1165406668,48558
list-none-s,12,1000,1,36000,4133053189,114807
list-none-s,16,1000,1,48000,14161653199,295034
list-none-s,24,1000,1,72000,55515346089,771046
list-none-none,1,10,1,30,79878,2662
list-none-none,1,100,1,300,129911,433
list-none-none,1,1000,1,3000,3516658,1172
list-none-none,1,10000,1,30000,658631352,21954
list-none-none,1,20000,1,60000,3602718547,60045
list-none-none,2,1,1,6,100321,16720
list-none-none,2,10,1,60,97751,1629
list-none-none,2,100,1,600,209058,348
list-none-none,4,1,1,12,133245,11103
list-none-none,4,10,1,120,162323,1352
list-none-none,8,1,1,24,259919,10829
list-none-none,12,1,1,36,399923,11108
list-i-none,2,1,1,6,99053,16508
list-i-none,2,2,1,12,90132,7511
list-i-none,2,4,1,24,118063,4919
list-i-none,2,8,1,48,154564,3220
list-i-none,2,16,1,96,128151,1334
list-i-none,4,1,1,12,158311,13192
list-i-none,4,4,1,48,142616,2971
list-i-none,8,1,1,24,223159,9298
list-i-none,8,2,1,48,307724,6410
list-i-none,8,4,1,96,271526,2828
list-i-none,12,1,1,36,359803,9994
list-d-none,2,1,1,6,91089,15181
list-d-none,2,2,1,12,81538,6794
list-d-none,2,32,1,192,300350,1564
list-d-none,8,2,1,48,226217,4712
list-d-none,12,1,1,36,455449,12651
list-d-none,12,2,1,72,329409,4575
list-il-none,2,1,1,6,107892,17982
list-il-none,2,2,1,12,110901,9241
list-il-none,2,4,1,24,94665,3944
list-il-none,2,8,1,48,118546,2469
list-il-none,4,1,1,12,136204,11350
list-il-none,4,2,1,24,115253,4802
list-il-none,4,4,1,48,109560,2282
list-il-none,8,1,1,24,232733,9697
list-il-none,8,2,1,48,265343,5527
list-il-none,8,4,1,96,325745,3393
list-il-none,12,1,1,36,342118,9503
list-il-none,12,2,1,72,312318,4337
list-dl-none,2,1,1,6,103325,17220
list-dl-none,2,4,1,24,1016010,42333
list-dl-none,4,1,1,12,137036,11419
list-dl-none,4,2,1,24,145641,6068
list-dl-none,4,4,1,48,142464,2968
list-dl-none,8,1,1,24,248875,10369
list-dl-none,8,2,1,48,217942,4540
list-dl-none,12,1,1,36,340968,9471
list-dl-none,12,4,1,144,326178,2265
list-i-m,12,32,1,1152,7834549,6800
list-d-m,12,32,1,1152,7836918,6802
list-il-m,12,32,1,1152,7835926,6802
list-dl-m,12,32,1,1152,8069589,7004
list-i-s,12,32,1,1152,19991621,17353
list-d-s,12,32,1,1152,19194566,16661
list-il-s,12,32,1,1152,15003039,13023
list-dl-s,12,32,1,1152,19219906,16683
list-none-none,1,1000,1,3000,5966296,1988
list-none-m,1,1000,1,3000,5369284,1789
list-none-m,2,1000,1,6000,20512563,3418
list-none-m,4,1000,1,12000,84216614,7018
list-none-m,8,1000,1,24000,333036050,13876
list-none-m,12,1000,1,36000,871202022,24200
list-none-m,16,1000,1,48000,1833755969,38203
list-none-m,24,1000,1,72000,3521194011,48905
list-none-s,1,1000,1,3000,3497466,1165
list-none-s,2,1000,1,6000,35753643,5958
list-none-s,4,1000,1,12000,167067863,13922
list-none-s,8,1000,1,24000,2179780427,90824
list-none-s,12,1000,1,36000,4428219935,123006
list-none-s,16,1000,1,48000,13034267973,271547
list-none-s,24,1000,1,72000,58027249493,805934
list-none-none,1,10,1,30,130023,4334
list-none-none,1,100,1,300,99223,330
list-none-none,1,1000,1,3000,3502507,1167
list-none-none,1,10000,1,30000,669252023,22308
list-none-none,1,20000,1,60000,3729850937,62164
list-none-none,2,1,1,6,119563,19927
list-none-none,2,10,1,60,107790,1796
list-none-none,2,100,1,600,409848,683
list-none-none,2,1000,1,6000,20756217,3459
list-none-none,4,1,1,12,97543,8128
list-none-none,8,10,1,240,239909,999
list-none-none,12,1,1,36,318830,8856
list-none-none,12,10,1,360,405234,1125
list-i-none,2,1,1,6,78378,13063
list-i-none,2,2,1,12,118361,9863
list-i-none,2,4,1,24,104293,4345
list-i-none,2,8,1,48,122063,2542
list-i-none,2,16,1,96,133458,1390
list-i-none,4,1,1,12,162015,13501
list-i-none,8,2,1,48,280055,5834
list-i-none,12,1,1,36,363165,10087
list-i-none,12,2,1,72,322672,4481
list-i-none,12,8,1,288,370837,1287
list-d-none,2,1,1,6,102786,17131
list-d-none,2,2,1,12,94621,7885
list-d-none,2,4,1,24,118229,4926
list-d-none,2,8,1,48,121151,2523
list-d-none,4,1,1,12,174105,14508
list-d-none,4,2,1,24,178699,7445
list-d-none,4,4,1,48,114065,2376
list-d-none,8,2,1,48,214442,4467
list-d-none,8,4,1,96,211044,2198
list-d-none,12,1,1,36,272704,7575
list-il-none,2,2,1,12,106931,8910
list-il-none,2,4,1,24,125039,5209
list-il-none,2,8,1,48,113942,2373
list-il-none,2,16,1,96,129509,1349
list-il-none,4,1,1,12,193128,16094
list-il-none,4,2,1,24,166644,6943
list-il-none,4,8,1,96,156352,1628
list-il-none,8,1,1,24,235775,9823
list-il-none,8,2,1,48,247391,5153
list-il-none,12,1,1,36,276809,7689
list-il-none,12,2,1,72,307774,4274
list-dl-none,2,1,1,6,101252,16875
list-dl-none,2,2,1,12,113201,9433
list-dl-none,2,4,1,24,108818,4534
list-dl-none,2,8,1,48,127575,2657
list-dl-none,4,2,1,24,135259,5635
list-dl-none,4,4,1,48,121440,2530
list-dl-none,4,8,1,96,136728,1424
list-dl-none,8,1,1,24,217566,9065
list-dl-none,8,2,1,48,214389,4466
list-i-m,12,32,1,1152,7477492,6490
list-d-m,12,32,1,1152,7483153,6495
list-il-m,12,32,1,1152,8103644,7034
list-dl-m,12,32,1,1152,7984866,6931
list-i-s,12,32,1,1152,13168756,11431
list-d-s,12,32,1,1152,17933831,15567
list-il-s,12,32,1,1152,14947790,12975
list-dl-s,12,32,1,1152,13897422,12063
list-none-none,1,1000,1,3000,3684045,1228
list-none-m,1,1000,1,3000,3562574,1187
list-none-m,2,1000,1,6000,20650910,3441
list-none-m,4,1000,1,12000,74661055,6221
list-none-m,8,1000,1,24000,374487522,15603
list-none-m,12,1000,1,36000,998299902,27730
list-none-m,16,1000,1,48000,1848016300,38500
list-none-m,24,1000,1,72000,4168356483,57893
list-none-s,1,1000,1,3000,3527655,1175
list-none-s,2,1000,1,6000,28165221,4694
list-none-s,4,1000,1,12000,244366897,20363
list-none-s,8,1000,1,24000,1174597141,48941
list-none-s,12,1000,1,36000,3412250764,94784
list-none-s,16,1000,1,48000,11566429248,240967
list-none-s,24,1000,1,72000,37459120927,520265
list-none-none,1,10,1,30,104927,3497
list-none-none,1,100,1,300,103863,346
list-none-none,1,1000,1,3000,3512072,1170
list-none-none,1,10000,1,30000,636484522,21216
list-none-none,1,20000,1,60000,3486744237,58112
list-none-none,2,1,1,6,136994,22832
list-none-none,2,1000,1,6000,36391378,6065
list-none-none,4,10,1,120,167172,1393
list-none-none,8,1,1,24,278800,11616
list-none-none,8,10,1,240,302720,1261
list-none-none,12,1,1,36,382104,10614
list-i-none,2,1,1,6,82924,13820
list-i-none,2,4,1,24,116405,4850
list-i-none,2,16,1,96,154769,1612
list-i-none,4,2,1,24,148587,6191
list-i-none,8,2,1,48,244732,5098
list-d-none,2,2,1,12,97002,8083
list-d-none,2,8,1,48,140078,2918
list-d-none,12,4,1,144,367615,2552
list-il-none,2,2,1,12,103890,8657
list-il-none,4,2,1,24,126688,5278
list-il-none,4,8,1,96,165632,1725
list-il-none,8,1,1,24,217946,9081
list-il-none,12,4,1,144,338699,2352
list-dl-none,2,1,1,6,98134,16355
list-dl-none,2,4,1,24,102897,4287
list-dl-none,2,8,1,48,142791,2974
list-dl-none,2,16,1,96,148443,1546
list-dl-none,2,32,1,192,282244,1470
list-dl-none,4,2,1,24,118640,4943
list-dl-none,4,4,1,48,168853,3517
list-dl-none,8,1,1,24,272132,11338
list-dl-none,8,2,1,48,264745,5515
list-dl-none,12,2,1,72,295982,4110
list-dl-none,12,4,1,144,336668,2337
list-i-m,12,32,1,1152,7263054,6304
list-d-m,12,32,1,1152,8063364,6999
list-il-m,12,32,1,1152,7982135,6928
list-dl-m,12,32,1,1152,8492393,7371
list-i-s,12,32,1,1152,12055821,10465
list-d-s,12,32,1,1152,13741563,11928
list-il-s,12,32,1,1152,12260415,10642
list-dl-s,12,32,1,1152,9417358,8174
list-none-none,1,1000,1,3000,3513499,1171
list-none-m,1,1000,1,3000,3551384,1183
list-none-m,2,1000,1,6000,21479794,3579
list-none-m,4,1000,1,12000,87254388,7271
list-none-m,8,1000,1,24000,365881856,15245
list-none-m,12,1000,1,36000,1004304039,27897
list-none-m,16,1000,1,48000,1757630809,36617
list-none-m,24,1000,1,72000,3778577229,52480
list-none-s,1,1000,1,3000,3570771,1190
list-none-s,2,1000,1,6000,35522156,5920
list-none-s,4,1000,1,12000,262665180,21888
list-none-s,8,1000,1,24000,1548539296,64522
list-none-s,12,1000,1,36000,4571690703,126991
list-none-s,16,1000,1,48000,9435449146,196571
list-none-s,24,1000,1,72000,51062857161,709206
