add-none,2,100,400,173353,433,0
add-none,2,1000,4000,166353,41,0
add-none,2,10000,40000,668941,16,1675
add-none,2,100000,400000,3993389,9,-20720
add-none,4,100,800,207185,258,84
add-none,4,1000,8000,209933,26,-591
add-none,4,10000,80000,1385324,17,-3080
add-none,4,100000,800000,11455759,14,-50694
add-none,8,100,1600,290888,181,0
add-none,8,1000,16000,287121,17,515
add-none,8,10000,160000,2483681,15,3077
add-none,8,100000,1600000,25199789,15,-22516
add-none,12,100,2400,393047,163,0
add-none,12,1000,24000,494788,20,-234
add-none,12,10000,240000,3752278,15,1823
add-none,12,100000,2400000,35542245,14,-29891
add-yield-none,2,10,40,115748,2893,0
add-yield-none,4,10,80,195646,2445,0
add-yield-none,8,10,160,268053,1675,1
add-yield-none,12,10,240,353871,1474,10
add-yield-none,2,20,80,158551,1981,0
add-yield-none,4,20,160,169953,1062,2
add-yield-none,8,20,320,319152,997,7
add-yield-none,12,20,480,327467,682,6
add-yield-none,2,40,160,139525,872,13
add-yield-none,4,40,320,222567,695,53
add-yield-none,8,40,640,282495,441,108
add-yield-none,12,40,960,380581,396,71
add-yield-none,2,80,320,193202,603,59
add-yield-none,4,80,640,256745,401,13
add-yield-none,8,80,1280,338213,264,167
add-yield-none,12,80,1920,515074,268,310
add-yield-none,2,100,400,204675,511,-13
add-yield-none,4,100,800,264552,330,51
add-yield-none,8,100,1600,373535,233,127
add-yield-none,12,100,2400,440533,183,354
add-yield-none,2,1000,4000,844100,211,-1
add-yield-none,4,1000,8000,1070292,133,115
add-yield-none,8,1000,16000,1746274,109,178
add-yield-none,12,1000,24000,2898912,120,-17
add-yield-none,2,10000,40000,7602139,190,-1066
add-yield-none,4,10000,80000,9028909,112,-319
add-yield-none,8,10000,160000,16069463,100,1692
add-yield-none,12,10000,240000,22748303,94,1522
add-yield-none,2,100000,400000,70354326,175,-5927
add-yield-none,4,100000,800000,93500906,116,-11463
add-yield-none,8,100000,1600000,162112954,101,-25581
add-yield-none,12,100000,2400000,234722687,97,-8332
add-none,1,100,200,121996,609,0
add-none,1,1000,2000,110765,55,0
add-none,1,10000,20000,273253,13,0
add-none,1,100000,200000,1453157,7,0
add-none,1,1000000,2000000,13064417,6,0
add-none,2,100,400,151140,377,0
add-none,2,1000,4000,128832,32,0
add-none,2,10000,40000,676597,16,-1497
add-none,2,100000,400000,4867326,12,-16601
add-none,2,1000000,4000000,39709748,9,-214894
add-none,4,100,800,181351,226,0
add-none,4,1000,8000,228123,28,671
add-none,4,10000,80000,1382235,17,1065
add-none,4,100000,800000,12340842,15,-30578
add-none,4,1000000,8000000,105145657,13,-292357
add-yield-none,1,100,200,163768,818,0
add-yield-none,1,1000,2000,608323,304,0
add-yield-none,1,10000,20000,4758735,237,0
add-yield-none,1,100000,200000,44448191,222,0
add-yield-none,1,1000000,2000000,440490187,220,0
add-yield-none,2,100,400,207430,518,-37
add-yield-none,2,1000,4000,849275,212,236
add-yield-none,2,10000,40000,7046130,176,-51
add-yield-none,2,100000,400000,69387097,173,-6498
add-yield-none,2,1000000,4000000,672856504,168,-111889
add-yield-none,4,100,800,274830,343,43
add-yield-none,4,1000,8000,1100835,137,164
add-yield-none,4,10000,80000,8734240,109,308
add-yield-none,4,100000,800000,97479786,121,-21520
add-yield-none,4,1000000,8000000,923631837,115,-176413
add-yield-m,2,10000,40000,17859965,446,0
add-yield-m,4,10000,80000,60993383,762,0
add-yield-m,8,10000,160000,166425678,1040,0
add-yield-m,12,10000,240000,230898888,962,0
add-yield-c,2,10000,40000,13875707,346,0
add-yield-c,4,10000,80000,32709120,408,0
add-yield-c,8,10000,160000,86142121,538,0
add-yield-c,12,10000,240000,137284937,572,0
add-yield-s,2,10000,40000,13549332,338,0
add-yield-s,4,10000,80000,53193635,664,0
add-yield-s,8,1000,16000,14432802,902,0
add-yield-s,12,1000,24000,28748941,1197,0
add-m,1,10000,20000,808235,40,0
add-m,2,10000,40000,3246428,81,0
add-m,4,10000,80000,13993823,174,0
add-m,8,10000,160000,33954784,212,0
add-m,12,10000,240000,52526452,218,0
add-c,1,10000,20000,525569,26,0
add-c,2,10000,40000,2019571,50,0
add-c,4,10000,80000,6118989,76,0
add-c,8,10000,160000,19454391,121,0
add-c,12,10000,240000,27747989,115,0
add-s,1,10000,20000,464900,23,0
add-s,2,10000,40000,5857931,146,0
add-s,4,10000,80000,28115155,351,0
add-s,8,10000,160000,77685246,485,0
add-s,12,10000,240000,174872195,728,0
add-none,2,100,400,171299,428,0
add-none,2,1000,4000,215836,53,0
add-none,2,10000,40000,560917,14,-4311
add-none,2,100000,400000,4956765,12,-34966
add-none,4,100,800,153890,192,0
add-none,4,1000,8000,229218,28,0
add-none,4,10000,80000,1259689,15,-2979
add-none,4,100000,800000,11338794,14,-36714
add-none,8,100,1600,283115,176,0
add-none,8,1000,16000,353531,22,135
add-none,8,10000,160000,2265541,14,-2438
add-none,8,100000,1600000,23939086,14,-12727
add-none,12,100,2400,337768,140,0
add-none,12,1000,24000,534852,22,951
add-none,12,10000,240000,3648781,15,4460
add-none,12,100000,2400000,35082783,14,-12424
add-yield-none,2,10,40,184202,4605,0
add-yield-none,4,10,80,166043,2075,0
add-yield-none,8,10,160,257952,1612,0
add-yield-none,12,10,240,353573,1473,6
add-yield-none,2,20,80,146970,1837,9
add-yield-none,4,20,160,144481,903,2
add-yield-none,8,20,320,304914,952,23
add-yield-none,12,20,480,390240,813,0
add-yield-none,2,40,160,141361,883,12
add-yield-none,4,40,320,170379,532,75
add-yield-none,8,40,640,329298,514,154
add-yield-none,12,40,960,380292,396,124
add-yield-none,2,80,320,171684,536,-45
add-yield-none,4,80,640,242914,379,37
add-yield-none,8,80,1280,326713,255,63
add-yield-none,12,80,1920,366373,190,238
add-yield-none,2,100,400,207705,519,82
add-yield-none,4,100,800,261301,326,24
add-yield-none,8,100,1600,378542,236,114
add-yield-none,12,100,2400,451829,188,135
add-yield-none,2,1000,4000,809625,202,58
add-yield-none,4,1000,8000,1070962,133,143
add-yield-none,8,1000,16000,1720664,107,252
add-yield-none,12,1000,24000,2537615,105,370
add-yield-none,2,10000,40000,7341507,183,-518
add-yield-none,4,10000,80000,7766024,97,-1232
add-yield-none,8,10000,160000,15351265,95,-4966
add-yield-none,12,10000,240000,23053023,96,-1583
add-yield-none,2,100000,400000,70780341,176,-605
add-yield-none,4,100000,800000,87909297,109,-4567
add-yield-none,8,100000,1600000,151947570,94,-25029
add-yield-none,12,100000,2400000,220344406,91,-1471
add-none,1,100,200,130625,653,0
add-none,1,1000,2000,134702,67,0
add-none,1,10000,20000,254248,12,0
add-none,1,100000,200000,1537786,7,0
add-none,1,1000000,2000000,13032739,6,0
add-none,2,100,400,140556,351,0
add-none,2,1000,4000,134522,33,0
add-none,2,10000,40000,534768,13,-1843
add-none,2,100000,400000,6641709,16,190
add-none,2,1000000,4000000,44439295,11,-359513
add-none,4,100,800,213014,266,0
add-none,4,1000,8000,229816,28,271
add-none,4,10000,80000,1170640,14,877
add-none,4,100000,800000,12339353,15,-39881
add-none,4,1000000,8000000,99688201,12,-347300
add-yield-none,1,100,200,208128,1040,0
add-yield-none,1,1000,2000,589860,294,0
add-yield-none,1,10000,20000,4772364,238,0
add-yield-none,1,100000,200000,44619969,223,0
add-yield-none,1,1000000,2000000,440305340,220,0
add-yield-none,2,100,400,219221,548,3
add-yield-none,2,1000,4000,883223,220,-61
add-yield-none,2,10000,40000,7181137,179,-259
add-yield-none,2,100000,400000,71542732,178,-6327
add-yield-none,2,1000000,4000000,658950697,164,-64808
add-yield-none,4,100,800,295179,368,120
add-yield-none,4,1000,8000,1050683,131,105
add-yield-none,4,10000,80000,9913288,123,-2750
add-yield-none,4,100000,800000,74892964,93,-663
add-yield-none,4,1000000,8000000,803403110,100,14184
add-yield-m,2,10000,40000,18981822,474,0
add-yield-m,4,10000,80000,58322241,729,0
add-yield-m,8,10000,160000,166647381,1041,0
add-yield-m,12,10000,240000,231268091,963,0
add-yield-c,2,10000,40000,13731522,343,0
add-yield-c,4,10000,80000,34431050,430,0
add-yield-c,8,10000,160000,86601886,541,0
add-yield-c,12,10000,240000,137729992,573,0
add-yield-s,2,10000,40000,17237077,430,0
add-yield-s,4,10000,80000,55672251,695,0
add-yield-s,8,1000,16000,14397596,899,0
add-yield-s,12,1000,24000,28449912,1185,0
add-m,1,10000,20000,813088,40,0
add-m,2,10000,40000,3967725,99,0
add-m,4,10000,80000,15551702,194,0
add-m,8,10000,160000,38104142,238,0
add-m,12,10000,240000,51242625,213,0
add-c,1,10000,20000,488041,24,0
add-c,2,10000,40000,1688860,42,0
add-c,4,10000,80000,7781930,97,0
add-c,8,10000,160000,18583463,116,0
add-c,12,10000,240000,26034499,108,0
add-s,1,10000,20000,416808,20,0
add-s,2,10000,40000,6036262,150,0
add-s,4,10000,80000,24509970,306,0
add-s,8,10000,160000,77887695,486,0
add-s,12,10000,240000,165868910,691,0
add-none,2,100,400,0,0,0
add-none,2,1000,4000,0,0,0
add-none,2,10000,40000,0,0,-3896
add-none,2,100000,400000,0,0,-13166
add-none,4,100,800,0,0,0
add-none,4,1000,8000,0,0,-365
add-none,4,10000,80000,0,0,3485
add-none,4,100000,800000,0,0,-21381
add-none,8,100,1600,0,0,-4
add-none,8,1000,16000,0,0,-21
add-none,8,10000,160000,0,0,406
add-none,8,100000,1600000,0,0,-21412
add-none,12,100,2400,0,0,0
add-none,12,1000,24000,0,0,430
add-none,12,10000,240000,0,0,-3366
add-none,12,100000,2400000,1000000001,416,-40662
add-yield-none,2,10,40,0,0,0
add-yield-none,4,10,80,0,0,0
add-yield-none,8,10,160,0,0,2
add-yield-none,12,10,240,0,0,0
add-yield-none,2,20,80,0,0,0
add-yield-none,4,20,160,0,0,-16
add-yield-none,8,20,320,0,0,19
add-yield-none,12,20,480,0,0,0
add-yield-none,2,40,160,0,0,33
add-yield-none,4,40,320,0,0,28
add-yield-none,8,40,640,0,0,55
add-yield-none,12,40,960,0,0,225
add-yield-none,2,80,320,0,0,0
add-yield-none,4,80,640,0,0,84
add-yield-none,8,80,1280,0,0,75
add-yield-none,12,80,1920,0,0,383
add-yield-none,2,100,400,0,0,-52
add-yield-none,4,100,800,0,0,97
add-yield-none,8,100,1600,0,0,50
add-yield-none,12,100,2400,0,0,246
add-yield-none,2,1000,4000,0,0,337
add-yield-none,4,1000,8000,0,0,114
add-yield-none,8,1000,16000,0,0,168
add-yield-none,12,1000,24000,0,0,333
add-yield-none,2,10000,40000,0,0,-31
add-yield-none,4,10000,80000,0,0,985
add-yield-none,8,10000,160000,0,0,989
add-yield-none,12,10000,240000,0,0,1057
add-yield-none,2,100000,400000,0,0,-2057
add-yield-none,4,100000,800000,0,0,-22237
add-yield-none,8,100000,1600000,0,0,-11425
add-yield-none,12,100000,2400000,0,0,-12903
add-none,1,100,200,0,0,0
add-none,1,1000,2000,0,0,0
add-none,1,10000,20000,0,0,0
add-none,1,100000,200000,0,0,0
add-none,1,1000000,2000000,0,0,0
add-none,2,100,400,0,0,0
add-none,2,1000,4000,0,0,178
add-none,2,10000,40000,0,0,-4242
add-none,2,100000,400000,0,0,-19856
add-none,2,1000000,4000000,0,0,-427447
add-none,4,100,800,0,0,0
add-none,4,1000,8000,0,0,528
add-none,4,10000,80000,0,0,-5475
add-none,4,100000,800000,0,0,-13714
add-none,4,1000000,8000000,0,0,-319199
add-yield-none,1,100,200,0,0,0
add-yield-none,1,1000,2000,0,0,0
add-yield-none,1,10000,20000,0,0,0
add-yield-none,1,100000,200000,1000000001,5000,0
add-yield-none,1,1000000,2000000,0,0,0
add-yield-none,2,100,400,0,0,-89
add-yield-none,2,1000,4000,0,0,-7
add-yield-none,2,10000,40000,0,0,-338
add-yield-none,2,100000,400000,0,0,-8708
add-yield-none,2,1000000,4000000,1000000001,250,-86561
add-yield-none,4,100,800,0,0,52
add-yield-none,4,1000,8000,0,0,201
add-yield-none,4,10000,80000,0,0,-2183
add-yield-none,4,100000,800000,0,0,-9784
add-yield-none,4,1000000,8000000,1000000001,125,-121791
add-yield-m,2,10000,40000,0,0,0
add-yield-m,4,10000,80000,0,0,0
add-yield-m,8,10000,160000,0,0,0
add-yield-m,12,10000,240000,0,0,0
add-yield-c,2,10000,40000,0,0,0
add-yield-c,4,10000,80000,0,0,0
add-yield-c,8,10000,160000,0,0,0
add-yield-c,12,10000,240000,1000000001,4166,0
add-yield-s,2,10000,40000,0,0,0
add-yield-s,4,10000,80000,0,0,0
add-yield-s,8,1000,16000,0,0,0
add-yield-s,12,1000,24000,0,0,0
add_m,1,10000,20000,0,0,0
add_m,2,10000,40000,0,0,0
add_m,4,10000,80000,0,0,0
add_m,8,10000,160000,0,0,0
add_m,12,10000,240000,0,0,0
add-c,1,10000,20000,0,0,0
add-c,2,10000,40000,0,0,0
add-c,4,10000,80000,0,0,0
add-c,8,10000,160000,0,0,0
add-c,12,10000,240000,0,0,0
add-s,1,10000,20000,0,0,0
add-s,2,10000,40000,0,0,0
add-s,4,10000,80000,0,0,0
add-s,8,10000,160000,0,0,0
add-s,12,10000,240000,0,0,0
add-none,2,100,400,0,0,0
add-none,2,1000,4000,0,0,0
add-none,2,10000,40000,0,0,-4799
add-none,2,100000,400000,0,0,-28533
add-none,4,100,800,0,0,0
add-none,4,1000,8000,0,0,-586
add-none,4,10000,80000,0,0,-5511
add-none,4,100000,800000,0,0,-56490
add-none,8,100,1600,0,0,0
add-none,8,1000,16000,0,0,-538
add-none,8,10000,160000,0,0,-806
add-none,8,100000,1600000,0,0,-60235
add-none,12,100,2400,0,0,0
add-none,12,1000,24000,0,0,32
add-none,12,10000,240000,0,0,2470
add-none,12,100000,2400000,0,0,-92859
add-yield-none,2,10,40,0,0,0
add-yield-none,4,10,80,0,0,3
add-yield-none,8,10,160,0,0,1
add-yield-none,12,10,240,0,0,0
add-yield-none,2,20,80,0,0,0
add-yield-none,4,20,160,0,0,0
add-yield-none,8,20,320,0,0,18
add-yield-none,12,20,480,0,0,17
add-yield-none,2,40,160,0,0,14
add-yield-none,4,40,320,0,0,48
add-yield-none,8,40,640,0,0,65
add-yield-none,12,40,960,0,0,69
add-yield-none,2,80,320,0,0,24
add-yield-none,4,80,640,0,0,47
add-yield-none,8,80,1280,0,0,52
add-yield-none,12,80,1920,0,0,142
add-yield-none,2,100,400,0,0,71
add-yield-none,4,100,800,0,0,61
add-yield-none,8,100,1600,0,0,189
add-yield-none,12,100,2400,0,0,76
add-yield-none,2,1000,4000,0,0,-75
add-yield-none,4,1000,8000,0,0,82
add-yield-none,8,1000,16000,0,0,259
add-yield-none,12,1000,24000,0,0,330
add-yield-none,2,10000,40000,0,0,84
add-yield-none,4,10000,80000,0,0,1000
add-yield-none,8,10000,160000,0,0,849
add-yield-none,12,10000,240000,1000000001,4166,-314
add-yield-none,2,100000,400000,0,0,483
add-yield-none,4,100000,800000,0,0,-63612
add-yield-none,8,100000,1600000,0,0,-20323
add-yield-none,12,100000,2400000,1000000001,416,-48219
add-none,1,100,200,0,0,0
add-none,1,1000,2000,0,0,0
add-none,1,10000,20000,0,0,0
add-none,1,100000,200000,0,0,0
add-none,1,1000000,2000000,0,0,0
add-none,2,100,400,0,0,0
add-none,2,1000,4000,0,0,0
add-none,2,10000,40000,0,0,-3789
add-none,2,100000,400000,0,0,-40770
add-none,2,1000000,4000000,0,0,-67289
add-none,4,100,800,0,0,0
add-none,4,1000,8000,0,0,-1062
add-none,4,10000,80000,0,0,-9832
add-none,4,100000,800000,0,0,-35109
add-none,4,1000000,8000000,0,0,-633821
add-yield-none,1,100,200,0,0,0
add-yield-none,1,1000,2000,0,0,0
add-yield-none,1,10000,20000,0,0,0
add-yield-none,1,100000,200000,0,0,0
add-yield-none,1,1000000,2000000,1000000001,500,0
add-yield-none,2,100,400,0,0,86
add-yield-none,2,1000,4000,0,0,131
add-yield-none,2,10000,40000,0,0,78
add-yield-none,2,100000,400000,0,0,-1570
add-yield-none,2,1000000,4000000,1000000001,250,-565475
add-yield-none,4,100,800,0,0,167
add-yield-none,4,1000,8000,0,0,203
add-yield-none,4,10000,80000,0,0,-5498
add-yield-none,4,100000,800000,0,0,-12289
add-yield-none,4,1000000,8000000,1000000001,125,30765
add-yield-m,2,10000,40000,1000000001,25000,0
add-yield-m,4,10000,80000,0,0,0
add-yield-m,8,10000,160000,0,0,0
add-yield-m,12,10000,240000,0,0,0
add-yield-c,2,10000,40000,0,0,0
add-yield-c,4,10000,80000,0,0,0
add-yield-c,8,10000,160000,1000000001,6250,0
add-yield-c,12,10000,240000,0,0,0
add-yield-s,2,10000,40000,0,0,0
add-yield-s,4,10000,80000,0,0,0
add-yield-s,8,1000,16000,0,0,0
add-yield-s,12,1000,24000,0,0,0
add_m,1,10000,20000,0,0,0
add_m,2,10000,40000,0,0,0
add_m,4,10000,80000,0,0,0
add_m,8,10000,160000,0,0,0
add_m,12,10000,240000,0,0,0
add-c,1,10000,20000,0,0,0
add-c,2,10000,40000,0,0,0
add-c,4,10000,80000,0,0,0
add-c,8,10000,160000,0,0,0
add-c,12,10000,240000,1000000001,4166,0
add-s,1,10000,20000,0,0,0
add-s,2,10000,40000,0,0,0
add-s,4,10000,80000,0,0,0
add-s,8,10000,160000,0,0,0
add-s,12,10000,240000,0,0,0
add-none,2,100,400,129048,322,0
add-none,2,1000,4000,419233,104,0
add-none,2,10000,40000,767168,19,-6642
add-none,2,100000,400000,5203754,13,-26136
add-none,4,100,800,200406,250,0
add-none,4,1000,8000,642927,80,0
add-none,4,10000,80000,1563121,19,-7386
add-none,4,100000,800000,14428310,18,807
add-none,8,100,1600,1164334,727,0
add-none,8,1000,16000,442443,27,-218
add-none,8,10000,160000,3335740,20,-10490
add-none,8,100000,1600000,29941806,18,-125572
add-none,12,100,2400,1578685,657,0
add-none,12,1000,24000,1689949,70,0
add-none,12,10000,240000,4292078,17,-8398
add-none,12,100000,2400000,50096879,20,-117475
add-yield-none,2,10,40,349649,8741,0
add-yield-none,4,10,80,584176,7302,0
add-yield-none,8,10,160,405531,2534,13
add-yield-none,12,10,240,756415,3151,18
add-yield-none,2,20,80,370614,4632,0
add-yield-none,4,20,160,522016,3262,15
add-yield-none,8,20,320,648681,2027,26
add-yield-none,12,20,480,1519330,3165,0
add-yield-none,2,40,160,606294,3789,28
add-yield-none,4,40,320,429452,1342,35
add-yield-none,8,40,640,1251616,1955,0
add-yield-none,12,40,960,2353958,2452,84
add-yield-none,2,80,320,960299,3000,74
add-yield-none,4,80,640,615670,961,0
add-yield-none,8,80,1280,837805,654,80
add-yield-none,12,80,1920,2490227,1296,141
add-yield-none,2,100,400,1115905,2789,22
add-yield-none,4,100,800,1345997,1682,81
add-yield-none,8,100,1600,2021019,1263,194
add-yield-none,12,100,2400,2300908,958,2
add-yield-none,2,1000,4000,1119917,279,332
add-yield-none,4,1000,8000,6859355,857,308
add-yield-none,8,1000,16000,6757427,422,22
add-yield-none,12,1000,24000,12714382,529,855
add-yield-none,2,10000,40000,59118874,1477,103
add-yield-none,4,10000,80000,60626876,757,47
add-yield-none,8,10000,160000,66792344,417,86
add-yield-none,12,10000,240000,116886307,487,1354
add-yield-none,2,100000,400000,497900655,1244,209
add-yield-none,4,100000,800000,624611320,780,-1941
add-yield-none,8,100000,1600000,633112272,395,-7268
add-yield-none,12,100000,2400000,647187057,269,-19356
add-none,1,100,200,410885,2054,0
add-none,1,1000,2000,387332,193,0
add-none,1,10000,20000,525758,26,0
add-none,1,100000,200000,2074421,10,0
add-none,1,1000000,2000000,16672326,8,0
add-none,2,100,400,491910,1229,0
add-none,2,1000,4000,359617,89,0
add-none,2,10000,40000,951657,23,1838
add-none,2,100000,400000,8398904,20,-30433
add-none,2,1000000,4000000,76365778,19,-87583
add-none,4,100,800,592140,740,0
add-none,4,1000,8000,709649,88,0
add-none,4,10000,80000,1777185,22,3169
add-none,4,100000,800000,15009465,18,-13050
add-none,4,1000000,8000000,152756649,19,-260999
add-yield-none,1,100,200,1008317,5041,0
add-yield-none,1,1000,2000,7207772,3603,0
add-yield-none,1,10000,20000,4930989,246,0
add-yield-none,1,100000,200000,128776485,643,0
add-yield-none,1,1000000,2000000,514662861,257,0
add-yield-none,2,100,400,764625,1911,98
add-yield-none,2,1000,4000,6257704,1564,92
add-yield-none,2,10000,40000,12320169,308,81
add-yield-none,2,100000,400000,113393860,283,-72210
add-yield-none,2,1000000,4000000,2164387421,541,-270884
add-yield-none,4,100,800,802067,1002,40
add-yield-none,4,1000,8000,8154923,1019,453
add-yield-none,4,10000,80000,60571254,757,154
add-yield-none,4,100000,800000,348701977,435,20647
add-yield-none,4,1000000,8000000,3954164870,494,-866988
add-yield-m,2,10000,40000,153775602,3844,0
add-yield-m,4,10000,80000,194965411,2437,0
add-yield-m,8,10000,160000,605372916,3783,0
add-yield-m,12,10000,240000,1362232322,5675,0
add-yield-c,2,10000,40000,64687707,1617,0
add-yield-c,4,10000,80000,225548210,2819,0
add-yield-c,8,10000,160000,260954325,1630,0
add-yield-c,12,10000,240000,624869789,2603,0
add-yield-s,2,10000,40000,50091995,1252,0
add-yield-s,4,10000,80000,74073788,925,0
add-yield-s,8,1000,16000,44648272,2790,0
add-yield-s,12,1000,24000,245440681,10226,0
add-m,1,10000,20000,754802,37,0
add-m,2,10000,40000,34446509,861,0
add-m,4,10000,80000,128975560,1612,0
add-m,8,10000,160000,238662181,1491,0
add-m,12,10000,240000,262657490,1094,0
add-c,1,10000,20000,14707625,735,0
add-c,2,10000,40000,28536597,713,0
add-c,4,10000,80000,34249227,428,0
add-c,8,10000,160000,59367869,371,0
add-c,12,10000,240000,80257191,334,0
add-s,1,10000,20000,16052511,802,0
add-s,2,10000,40000,17158452,428,0
add-s,4,10000,80000,37099206,463,0
add-s,8,10000,160000,58004242,362,0
add-s,12,10000,240000,88680632,369,0
add-none,2,100,400,0,0,0
add-none,2,1000,4000,0,0,177
add-none,2,10000,40000,0,0,-747
add-none,2,100000,400000,0,0,-43127
add-none,4,100,800,0,0,-69
add-none,4,1000,8000,0,0,0
add-none,4,10000,80000,0,0,-3598
add-none,4,100000,800000,0,0,-7169
add-none,8,100,1600,0,0,0
add-none,8,1000,16000,0,0,936
add-none,8,10000,160000,0,0,-1460
add-none,8,100000,1600000,0,0,-62004
add-none,12,100,2400,0,0,0
add-none,12,1000,24000,0,0,1181
add-none,12,10000,240000,0,0,-1478
add-none,12,100000,2400000,0,0,-12992
add-yield-none,2,10,40,0,0,0
add-yield-none,4,10,80,0,0,8
add-yield-none,8,10,160,0,0,2
add-yield-none,12,10,240,0,0,8
add-yield-none,2,20,80,0,0,0
add-yield-none,4,20,160,0,0,0
add-yield-none,8,20,320,0,0,12
add-yield-none,12,20,480,0,0,8
add-yield-none,2,40,160,0,0,0
add-yield-none,4,40,320,0,0,30
add-yield-none,8,40,640,0,0,122
add-yield-none,12,40,960,0,0,173
add-yield-none,2,80,320,0,0,0
add-yield-none,4,80,640,0,0,25
add-yield-none,8,80,1280,0,0,44
add-yield-none,12,80,1920,0,0,335
add-yield-none,2,100,400,0,0,79
add-yield-none,4,100,800,0,0,122
add-yield-none,8,100,1600,0,0,175
add-yield-none,12,100,2400,0,0,156
add-yield-none,2,1000,4000,0,0,5
add-yield-none,4,1000,8000,0,0,93
add-yield-none,8,1000,16000,0,0,137
add-yield-none,12,1000,24000,0,0,412
add-yield-none,2,10000,40000,0,0,-25
add-yield-none,4,10000,80000,0,0,-76
add-yield-none,8,10000,160000,0,0,-2222
add-yield-none,12,10000,240000,0,0,-792
add-yield-none,2,100000,400000,0,0,-921
add-yield-none,4,100000,800000,0,0,-495
add-yield-none,8,100000,1600000,1000000001,625,-3569
add-yield-none,12,100000,2400000,0,0,5664
add-none,1,100,200,0,0,0
add-none,1,1000,2000,0,0,0
add-none,1,10000,20000,0,0,0
add-none,1,100000,200000,0,0,0
add-none,1,1000000,2000000,0,0,0
add-none,2,100,400,0,0,14
add-none,2,1000,4000,0,0,0
add-none,2,10000,40000,0,0,-175
add-none,2,100000,400000,0,0,-24203
add-none,2,1000000,4000000,0,0,-187713
add-none,4,100,800,0,0,-66
add-none,4,1000,8000,0,0,220
add-none,4,10000,80000,0,0,922
add-none,4,100000,800000,0,0,-32994
add-none,4,1000000,8000000,0,0,-86969
add-yield-none,1,100,200,0,0,0
add-yield-none,1,1000,2000,0,0,0
add-yield-none,1,10000,20000,0,0,0
add-yield-none,1,100000,200000,0,0,0
add-yield-none,1,1000000,2000000,1000000001,500,0
add-yield-none,2,100,400,0,0,-2
add-yield-none,2,1000,4000,0,0,105
add-yield-none,2,10000,40000,0,0,-785
add-yield-none,2,100000,400000,0,0,-5805
add-yield-none,2,1000000,4000000,0,0,-4379
add-yield-none,4,100,800,0,0,112
add-yield-none,4,1000,8000,0,0,-28
add-yield-none,4,10000,80000,0,0,-1383
add-yield-none,4,100000,800000,0,0,146
add-yield-none,4,1000000,8000000,1000000001,125,-38687
add-yield-m,2,10000,40000,0,0,0
add-yield-m,4,10000,80000,0,0,0
add-yield-m,8,10000,160000,0,0,0
add-yield-m,12,10000,240000,1000000001,4166,0
add-yield-c,2,10000,40000,0,0,0
add-yield-c,4,10000,80000,0,0,0
add-yield-c,8,10000,160000,0,0,0
add-yield-c,12,10000,240000,0,0,0
add-yield-s,2,10000,40000,0,0,0
add-yield-s,4,10000,80000,0,0,0
add-yield-s,8,1000,16000,0,0,0
add-yield-s,12,1000,24000,0,0,0
add_m,1,10000,20000,0,0,0
add_m,2,10000,40000,0,0,0
add_m,4,10000,80000,0,0,0
add_m,8,10000,160000,0,0,0
add_m,12,10000,240000,0,0,0
add-c,1,10000,20000,0,0,0
add-c,2,10000,40000,0,0,0
add-c,4,10000,80000,0,0,0
add-c,8,10000,160000,0,0,0
add-c,12,10000,240000,0,0,0
add-s,1,10000,20000,0,0,0
add-s,2,10000,40000,0,0,0
add-s,4,10000,80000,0,0,0
add-s,8,10000,160000,0,0,0
add-s,12,10000,240000,1000000001,4166,0
add-none,2,100,400,0,0,0
add-none,2,1000,4000,0,0,0
add-none,2,10000,40000,0,0,0
add-none,2,100000,400000,0,0,-23723
add-none,4,100,800,0,0,0
add-none,4,1000,8000,0,0,0
add-none,4,10000,80000,0,0,1330
add-none,4,100000,800000,0,0,-7072
add-none,8,100,1600,0,0,0
add-none,8,1000,16000,0,0,-5
add-none,8,10000,160000,0,0,-795
add-none,8,100000,1600000,0,0,-53600
add-none,12,100,2400,0,0,0
add-none,12,1000,24000,0,0,0
add-none,12,10000,240000,0,0,-123
add-none,12,100000,2400000,0,0,-45944
add-yield-none,2,10,40,0,0,0
add-yield-none,4,10,80,0,0,0
add-yield-none,8,10,160,0,0,15
add-yield-none,12,10,240,0,0,0
add-yield-none,2,20,80,0,0,0
add-yield-none,4,20,160,0,0,2
add-yield-none,8,20,320,0,0,0
add-yield-none,12,20,480,0,0,0
add-yield-none,2,40,160,1000000001,6250000,27
add-yield-none,4,40,320,0,0,58
add-yield-none,8,40,640,0,0,105
add-yield-none,12,40,960,0,0,109
add-yield-none,2,80,320,0,0,56
add-yield-none,4,80,640,0,0,110
add-yield-none,8,80,1280,0,0,73
add-yield-none,12,80,1920,0,0,344
add-yield-none,2,100,400,0,0,89
add-yield-none,4,100,800,0,0,171
add-yield-none,8,100,1600,0,0,192
add-yield-none,12,100,2400,0,0,193
add-yield-none,2,1000,4000,0,0,252
add-yield-none,4,1000,8000,0,0,101
add-yield-none,8,1000,16000,0,0,327
add-yield-none,12,1000,24000,0,0,177
add-yield-none,2,10000,40000,0,0,-167
add-yield-none,4,10000,80000,0,0,70
add-yield-none,8,10000,160000,0,0,208
add-yield-none,12,10000,240000,0,0,235
add-yield-none,2,100000,400000,0,0,-306
add-yield-none,4,100000,800000,0,0,-8974
add-yield-none,8,100000,1600000,0,0,-42482
add-yield-none,12,100000,2400000,0,0,-25869
add-none,1,100,200,0,0,0
add-none,1,1000,2000,0,0,0
add-none,1,10000,20000,0,0,0
add-none,1,100000,200000,0,0,0
add-none,1,1000000,2000000,0,0,0
add-none,2,100,400,0,0,-32
add-none,2,1000,4000,0,0,0
add-none,2,10000,40000,0,0,-1156
add-none,2,100000,400000,0,0,-10509
add-none,2,1000000,4000000,0,0,-239072
add-none,4,100,800,0,0,0
add-none,4,1000,8000,0,0,0
add-none,4,10000,80000,0,0,-7013
add-none,4,100000,800000,0,0,-28453
add-none,4,1000000,8000000,0,0,-298980
add-yield-none,1,100,200,0,0,0
add-yield-none,1,1000,2000,0,0,0
add-yield-none,1,10000,20000,0,0,0
add-yield-none,1,100000,200000,0,0,0
add-yield-none,1,1000000,2000000,0,0,0
add-yield-none,2,100,400,0,0,0
add-yield-none,2,1000,4000,0,0,-2
add-yield-none,2,10000,40000,0,0,22
add-yield-none,2,100000,400000,0,0,-968
add-yield-none,2,1000000,4000000,1000000001,250,-64111
add-yield-none,4,100,800,0,0,95
add-yield-none,4,1000,8000,0,0,157
add-yield-none,4,10000,80000,0,0,-1564
add-yield-none,4,100000,800000,0,0,-4550
add-yield-none,4,1000000,8000000,1000000001,125,-84883
add-yield-m,2,10000,40000,0,0,0
add-yield-m,4,10000,80000,0,0,0
add-yield-m,8,10000,160000,0,0,0
add-yield-m,12,10000,240000,0,0,0
add-yield-c,2,10000,40000,0,0,0
add-yield-c,4,10000,80000,0,0,0
add-yield-c,8,10000,160000,0,0,0
add-yield-c,12,10000,240000,1000000001,4166,0
add-yield-s,2,10000,40000,0,0,0
add-yield-s,4,10000,80000,0,0,0
add-yield-s,8,1000,16000,0,0,0
add-yield-s,12,1000,24000,0,0,0
add_m,1,10000,20000,0,0,0
add_m,2,10000,40000,0,0,0
add_m,4,10000,80000,0,0,0
add_m,8,10000,160000,0,0,0
add_m,12,10000,240000,0,0,0
add-c,1,10000,20000,0,0,0
add-c,2,10000,40000,0,0,0
add-c,4,10000,80000,0,0,0
add-c,8,10000,160000,0,0,0
add-c,12,10000,240000,0,0,0
add-s,1,10000,20000,0,0,0
add-s,2,10000,40000,0,0,0
add-s,4,10000,80000,0,0,0
add-s,8,10000,160000,0,0,0
add-s,12,10000,240000,0,0,0
add-none,2,100,400,0,0,0
add-none,2,1000,4000,0,0,0
add-none,2,10000,40000,0,0,0
add-none,2,100000,400000,0,0,0
add-none,4,100,800,0,0,51
add-none,4,1000,8000,0,0,-330
add-none,4,10000,80000,0,0,-3461
add-none,4,100000,800000,0,0,0
add-none,8,100,1600,0,0,47
add-none,8,1000,16000,0,0,-231
add-none,8,10000,160000,0,0,-3687
add-none,8,100000,1600000,0,0,97606
add-none,12,100,2400,0,0,5
add-none,12,1000,24000,0,0,-479
add-none,12,10000,240000,0,0,-1624
add-none,12,100000,2400000,0,0,-43906
add-yield-none,2,10,40,0,0,2
add-yield-none,4,10,80,0,0,0
add-yield-none,8,10,160,0,0,0
add-yield-none,12,10,240,0,0,0
add-yield-none,2,20,80,0,0,0
add-yield-none,4,20,160,0,0,0
add-yield-none,8,20,320,0,0,14
add-yield-none,12,20,480,0,0,19
add-yield-none,2,40,160,0,0,31
add-yield-none,4,40,320,0,0,-11
add-yield-none,8,40,640,0,0,0
add-yield-none,12,40,960,0,0,0
add-yield-none,2,80,320,0,0,70
add-yield-none,4,80,640,0,0,19
add-yield-none,8,80,1280,0,0,5
add-yield-none,12,80,1920,0,0,105
add-yield-none,2,100,400,0,0,59
add-yield-none,4,100,800,0,0,27
add-yield-none,8,100,1600,0,0,46
add-yield-none,12,100,2400,0,0,164
add-yield-none,2,1000,4000,0,0,25
add-yield-none,4,1000,8000,0,0,134
add-yield-none,8,1000,16000,0,0,472
add-yield-none,12,1000,24000,0,0,1566
add-yield-none,2,10000,40000,0,0,177
add-yield-none,4,10000,80000,0,0,4641
add-yield-none,8,10000,160000,0,0,-9427
add-yield-none,12,10000,240000,1000000001,4166,1282
add-yield-none,2,100000,400000,0,0,6751
add-yield-none,4,100000,800000,0,0,-62590
add-yield-none,8,100000,1600000,1000000001,625,-2490
add-yield-none,12,100000,2400000,0,0,-71806
add-none,1,100,200,0,0,0
add-none,1,1000,2000,0,0,0
add-none,1,10000,20000,0,0,0
add-none,1,100000,200000,0,0,0
add-none,1,1000000,2000000,0,0,0
add-none,2,100,400,0,0,0
add-none,2,1000,4000,0,0,0
add-none,2,10000,40000,0,0,474
add-none,2,100000,400000,0,0,-222
add-none,2,1000000,4000000,0,0,-71396
add-none,4,100,800,0,0,0
add-none,4,1000,8000,0,0,-374
add-none,4,10000,80000,0,0,1577
add-none,4,100000,800000,0,0,-25657
add-none,4,1000000,8000000,1000000001,125,-502508
add-yield-none,1,100,200,0,0,0
add-yield-none,1,1000,2000,0,0,0
add-yield-none,1,10000,20000,0,0,0
add-yield-none,1,100000,200000,0,0,0
add-yield-none,1,1000000,2000000,1000000001,500,0
add-yield-none,2,100,400,0,0,0
add-yield-none,2,1000,4000,0,0,0
add-yield-none,2,10000,40000,0,0,9
add-yield-none,2,100000,400000,0,0,-25848
add-yield-none,2,1000000,4000000,2000000002,500,-324108
add-yield-none,4,100,800,0,0,0
add-yield-none,4,1000,8000,0,0,0
add-yield-none,4,10000,80000,1000000001,12500,154
add-yield-none,4,100000,800000,0,0,-33576
add-yield-none,4,1000000,8000000,1000000001,125,-881406
add-yield-m,2,10000,40000,0,0,0
add-yield-m,4,10000,80000,0,0,0
add-yield-m,8,10000,160000,1000000001,6250,0
add-yield-m,12,10000,240000,1000000001,4166,0
add-yield-c,2,10000,40000,0,0,0
add-yield-c,4,10000,80000,0,0,0
add-yield-c,8,10000,160000,0,0,0
add-yield-c,12,10000,240000,0,0,0
add-yield-s,2,10000,40000,0,0,0
add-yield-s,4,10000,80000,0,0,0
add-yield-s,8,1000,16000,0,0,0
add-yield-s,12,1000,24000,1000000001,41666,0
add_m,1,10000,20000,0,0,0
add_m,2,10000,40000,0,0,0
add_m,4,10000,80000,0,0,0
add_m,8,10000,160000,0,0,0
add_m,12,10000,240000,0,0,0
add-c,1,10000,20000,0,0,0
add-c,2,10000,40000,0,0,0
add-c,4,10000,80000,0,0,0
add-c,8,10000,160000,0,0,0
add-c,12,10000,240000,0,0,0
add-s,1,10000,20000,0,0,0
add-s,2,10000,40000,1000000001,25000,0
add-s,4,10000,80000,0,0,0
add-s,8,10000,160000,0,0,0
add-s,12,10000,240000,0,0,0
add-none,2,100,400,124774,311,0
add-none,2,1000,4000,210942,52,0
add-none,2,10000,40000,584615,14,-5139
add-none,2,100000,400000,4865633,12,-18577
add-none,4,100,800,184166,230,0
add-none,4,1000,8000,203996,25,677
add-none,4,10000,80000,1191217,14,-8915
add-none,4,100000,800000,11866756,14,-46690
add-none,8,100,1600,268492,167,0
add-none,8,1000,16000,369365,23,512
add-none,8,10000,160000,2640978,16,-185
add-none,8,100000,1600000,23095189,14,-22237
add-none,12,100,2400,361667,150,0
add-none,12,1000,24000,511275,21,764
add-none,12,10000,240000,3884415,16,-857
add-none,12,100000,2400000,34084250,14,-38746
add-yield-none,2,10,40,149728,3743,0
add-yield-none,4,10,80,202478,2530,0
add-yield-none,8,10,160,314058,1962,17
add-yield-none,12,10,240,388608,1619,4
add-yield-none,2,20,80,133521,1669,-1
add-yield-none,4,20,160,144108,900,4
add-yield-none,8,20,320,328782,1027,15
add-yield-none,12,20,480,377757,786,-8
add-yield-none,2,40,160,153415,958,0
add-yield-none,4,40,320,199957,624,8
add-yield-none,8,40,640,265120,414,60
add-yield-none,12,40,960,440218,458,146
add-yield-none,2,80,320,170531,532,13
add-yield-none,4,80,640,224837,351,140
add-yield-none,8,80,1280,349880,273,50
add-yield-none,12,80,1920,440081,229,85
add-yield-none,2,100,400,189242,473,65
add-yield-none,4,100,800,208663,260,73
add-yield-none,8,100,1600,341221,213,202
add-yield-none,12,100,2400,433061,180,300
add-yield-none,2,1000,4000,872739,218,198
add-yield-none,4,1000,8000,1043060,130,11
add-yield-none,8,1000,16000,1871723,116,115
add-yield-none,12,1000,24000,2442458,101,401
add-yield-none,2,10000,40000,7260915,181,-600
add-yield-none,4,10000,80000,9639739,120,-1804
add-yield-none,8,10000,160000,15141139,94,-3073
add-yield-none,12,10000,240000,22806087,95,-2046
add-yield-none,2,100000,400000,71116785,177,-409
add-yield-none,4,100000,800000,81616649,102,-7959
add-yield-none,8,100000,1600000,157690893,98,-19941
add-yield-none,12,100000,2400000,216645438,90,-24625
add-none,1,100,200,143517,717,0
add-none,1,1000,2000,153502,76,0
add-none,1,10000,20000,225332,11,0
add-none,1,100000,200000,1468262,7,0
add-none,1,1000000,2000000,13072968,6,0
add-none,2,100,400,107336,268,0
add-none,2,1000,4000,151206,37,-29
add-none,2,10000,40000,615654,15,-3048
add-none,2,100000,400000,4166391,10,-26712
add-none,2,1000000,4000000,49727119,12,-125432
add-none,4,100,800,199102,248,0
add-none,4,1000,8000,192303,24,1353
add-none,4,10000,80000,1221302,15,-1060
add-none,4,100000,800000,11228061,14,-16887
add-none,4,1000000,8000000,117582507,14,-226227
add-yield-none,1,100,200,177931,889,0
add-yield-none,1,1000,2000,586698,293,0
add-yield-none,1,10000,20000,4724045,236,0
add-yield-none,1,100000,200000,45750005,228,0
add-yield-none,1,1000000,2000000,449635335,224,0
add-yield-none,2,100,400,179313,448,19
add-yield-none,2,1000,4000,911374,227,67
add-yield-none,2,10000,40000,7404896,185,-596
add-yield-none,2,100000,400000,70744453,176,-1152
add-yield-none,2,1000000,4000000,707513606,176,-11111
add-yield-none,4,100,800,272471,340,56
add-yield-none,4,1000,8000,1008771,126,72
add-yield-none,4,10000,80000,9609235,120,274
add-yield-none,4,100000,800000,97155666,121,-7398
add-yield-none,4,1000000,8000000,913271094,114,-157640
add-yield-m,2,10000,40000,17244427,431,0
add-yield-m,4,10000,80000,60665391,758,0
add-yield-m,8,10000,160000,153570149,959,0
add-yield-m,12,10000,240000,239122340,996,0
add-yield-c,2,10000,40000,12528608,313,0
add-yield-c,4,10000,80000,33554713,419,0
add-yield-c,8,10000,160000,80751053,504,0
add-yield-c,12,10000,240000,133003102,554,0
add-yield-s,2,10000,40000,14218460,355,0
add-yield-s,4,10000,80000,59701424,746,0
add-yield-s,8,1000,16000,15120039,945,0
add-yield-s,12,1000,24000,29115156,1213,0
add-m,1,10000,20000,819924,40,0
add-m,2,10000,40000,3797596,94,0
add-m,4,10000,80000,15532514,194,0
add-m,8,10000,160000,35538178,222,0
add-m,12,10000,240000,55194706,229,0
add-c,1,10000,20000,557290,27,0
add-c,2,10000,40000,2461915,61,0
add-c,4,10000,80000,7809615,97,0
add-c,8,10000,160000,17793726,111,0
add-c,12,10000,240000,28501980,118,0
add-s,1,10000,20000,416571,20,0
add-s,2,10000,40000,5784229,144,0
add-s,4,10000,80000,25353904,316,0
add-s,8,10000,160000,76037000,475,0
add-s,12,10000,240000,180745350,753,0
add-none,2,100,400,0,0,0
add-none,2,1000,4000,0,0,303
add-none,2,10000,40000,0,0,-4357
add-none,2,100000,400000,0,0,-25206
add-none,4,100,800,0,0,0
add-none,4,1000,8000,0,0,204
add-none,4,10000,80000,0,0,-3179
add-none,4,100000,800000,0,0,-46729
add-none,8,100,1600,0,0,13
add-none,8,1000,16000,0,0,527
add-none,8,10000,160000,0,0,-3098
add-none,8,100000,1600000,0,0,-22638
add-none,12,100,2400,0,0,0
add-none,12,1000,24000,0,0,589
add-none,12,10000,240000,0,0,-1469
add-none,12,100000,2400000,0,0,-36161
add-yield-none,2,10,40,0,0,0
add-yield-none,4,10,80,0,0,0
add-yield-none,8,10,160,0,0,0
add-yield-none,12,10,240,0,0,0
add-yield-none,2,20,80,0,0,0
add-yield-none,4,20,160,0,0,11
add-yield-none,8,20,320,0,0,15
add-yield-none,12,20,480,0,0,17
add-yield-none,2,40,160,0,0,0
add-yield-none,4,40,320,0,0,17
add-yield-none,8,40,640,0,0,69
add-yield-none,12,40,960,0,0,120
add-yield-none,2,80,320,0,0,56
add-yield-none,4,80,640,0,0,18
add-yield-none,8,80,1280,0,0,163
add-yield-none,12,80,1920,0,0,61
add-yield-none,2,100,400,0,0,90
add-yield-none,4,100,800,0,0,135
add-yield-none,8,100,1600,0,0,113
add-yield-none,12,100,2400,0,0,223
add-yield-none,2,1000,4000,0,0,-6
add-yield-none,4,1000,8000,0,0,0
add-yield-none,8,1000,16000,0,0,91
add-yield-none,12,1000,24000,0,0,346
add-yield-none,2,10000,40000,0,0,-470
add-yield-none,4,10000,80000,0,0,427
add-yield-none,8,10000,160000,0,0,-889
add-yield-none,12,10000,240000,1000000001,4166,-2754
add-yield-none,2,100000,400000,0,0,-4529
add-yield-none,4,100000,800000,0,0,-19409
add-yield-none,8,100000,1600000,0,0,-722
add-yield-none,12,100000,2400000,0,0,-21380
add-none,1,100,200,0,0,0
add-none,1,1000,2000,0,0,0
add-none,1,10000,20000,0,0,0
add-none,1,100000,200000,0,0,0
add-none,1,1000000,2000000,0,0,0
add-none,2,100,400,0,0,0
add-none,2,1000,4000,0,0,0
add-none,2,10000,40000,0,0,1503
add-none,2,100000,400000,0,0,-26781
add-none,2,1000000,4000000,0,0,-247646
add-none,4,100,800,0,0,0
add-none,4,1000,8000,0,0,150
add-none,4,10000,80000,0,0,-1504
add-none,4,100000,800000,0,0,-60875
add-none,4,1000000,8000000,0,0,-521718
add-yield-none,1,100,200,0,0,0
add-yield-none,1,1000,2000,0,0,0
add-yield-none,1,10000,20000,0,0,0
add-yield-none,1,100000,200000,0,0,0
add-yield-none,1,1000000,2000000,1000000001,500,0
add-yield-none,2,100,400,0,0,90
add-yield-none,2,1000,4000,0,0,-22
add-yield-none,2,10000,40000,0,0,-863
add-yield-none,2,100000,400000,0,0,-1600
add-yield-none,2,1000000,4000000,1000000001,250,-64215
add-yield-none,4,100,800,0,0,67
add-yield-none,4,1000,8000,0,0,0
add-yield-none,4,10000,80000,0,0,929
add-yield-none,4,100000,800000,0,0,-3710
add-yield-none,4,1000000,8000000,1000000001,125,-151480
add-yield-m,2,10000,40000,0,0,0
add-yield-m,4,10000,80000,0,0,0
add-yield-m,8,10000,160000,0,0,0
add-yield-m,12,10000,240000,0,0,0
add-yield-c,2,10000,40000,0,0,0
add-yield-c,4,10000,80000,0,0,0
add-yield-c,8,10000,160000,0,0,0
add-yield-c,12,10000,240000,0,0,0
add-yield-s,2,10000,40000,0,0,0
add-yield-s,4,10000,80000,0,0,0
add-yield-s,8,1000,16000,1000000001,62500,0
add-yield-s,12,1000,24000,0,0,0
add_m,1,10000,20000,0,0,0
add_m,2,10000,40000,0,0,0
add_m,4,10000,80000,0,0,0
add_m,8,10000,160000,0,0,0
add_m,12,10000,240000,0,0,0
add-c,1,10000,20000,0,0,0
add-c,2,10000,40000,0,0,0
add-c,4,10000,80000,0,0,0
add-c,8,10000,160000,0,0,0
add-c,12,10000,240000,0,0,0
add-s,1,10000,20000,0,0,0
add-s,2,10000,40000,0,0,0
add-s,4,10000,80000,0,0,0
add-s,8,10000,160000,0,0,0
add-s,12,10000,240000,0,0,0
add-none,2,100,400,0,0,0
add-none,2,1000,4000,0,0,873
add-none,2,10000,40000,0,0,-2130
add-none,2,100000,400000,0,0,-6975
add-none,4,100,800,0,0,0
add-none,4,1000,8000,0,0,0
add-none,4,10000,80000,0,0,-9796
add-none,4,100000,800000,0,0,-73625
add-none,8,100,1600,0,0,0
add-none,8,1000,16000,0,0,-78
add-none,8,10000,160000,0,0,-8851
add-none,8,100000,1600000,0,0,-64916
add-none,12,100,2400,0,0,0
add-none,12,1000,24000,0,0,-30
add-none,12,10000,240000,0,0,-8863
add-none,12,100000,2400000,0,0,-108044
add-yield-none,2,10,40,0,0,0
add-yield-none,4,10,80,0,0,0
add-yield-none,8,10,160,0,0,0
add-yield-none,12,10,240,0,0,22
add-yield-none,2,20,80,0,0,0
add-yield-none,4,20,160,0,0,0
add-yield-none,8,20,320,0,0,9
add-yield-none,12,20,480,0,0,24
add-yield-none,2,40,160,0,0,0
add-yield-none,4,40,320,0,0,39
add-yield-none,8,40,640,0,0,4
add-yield-none,12,40,960,0,0,58
add-yield-none,2,80,320,0,0,0
add-yield-none,4,80,640,0,0,17
add-yield-none,8,80,1280,0,0,34
add-yield-none,12,80,1920,0,0,110
add-yield-none,2,100,400,0,0,93
add-yield-none,4,100,800,0,0,247
add-yield-none,8,100,1600,0,0,102
add-yield-none,12,100,2400,0,0,178
add-yield-none,2,1000,4000,0,0,0
add-yield-none,4,1000,8000,0,0,154
add-yield-none,8,1000,16000,0,0,216
add-yield-none,12,1000,24000,0,0,395
add-yield-none,2,10000,40000,1000000001,25000,-7856
add-yield-none,4,10000,80000,0,0,1809
add-yield-none,8,10000,160000,0,0,-433
add-yield-none,12,10000,240000,0,0,5009
add-yield-none,2,100000,400000,0,0,-3348
add-yield-none,4,100000,800000,0,0,-39372
add-yield-none,8,100000,1600000,1000000001,625,5029
add-yield-none,12,100000,2400000,0,0,-36558
add-none,1,100,200,0,0,0
add-none,1,1000,2000,0,0,0
add-none,1,10000,20000,0,0,0
add-none,1,100000,200000,0,0,0
add-none,1,1000000,2000000,0,0,0
add-none,2,100,400,0,0,0
add-none,2,1000,4000,0,0,-190
add-none,2,10000,40000,0,0,1231
add-none,2,100000,400000,0,0,-76970
add-none,2,1000000,4000000,0,0,-559847
add-none,4,100,800,0,0,0
add-none,4,1000,8000,0,0,464
add-none,4,10000,80000,0,0,-4897
add-none,4,100000,800000,0,0,-63940
add-none,4,1000000,8000000,0,0,-404092
add-yield-none,1,100,200,0,0,0
add-yield-none,1,1000,2000,0,0,0
add-yield-none,1,10000,20000,0,0,0
add-yield-none,1,100000,200000,1000000001,5000,0
add-yield-none,1,1000000,2000000,0,0,0
add-yield-none,2,100,400,0,0,28
add-yield-none,2,1000,4000,0,0,55
add-yield-none,2,10000,40000,0,0,-242
add-yield-none,2,100000,400000,1000000001,2500,363
add-yield-none,2,1000000,4000000,1000000001,250,-32398
add-yield-none,4,100,800,0,0,102
add-yield-none,4,1000,8000,0,0,51
add-yield-none,4,10000,80000,0,0,-6797
add-yield-none,4,100000,800000,0,0,-1632
add-yield-none,4,1000000,8000000,1000000001,125,-23290
add-yield-m,2,10000,40000,0,0,0
add-yield-m,4,10000,80000,0,0,0
add-yield-m,8,10000,160000,0,0,0
add-yield-m,12,10000,240000,0,0,0
add-yield-c,2,10000,40000,0,0,0
add-yield-c,4,10000,80000,0,0,0
add-yield-c,8,10000,160000,0,0,0
add-yield-c,12,10000,240000,0,0,0
add-yield-s,2,10000,40000,1000000001,25000,0
add-yield-s,4,10000,80000,0,0,0
add-yield-s,8,1000,16000,0,0,0
add-yield-s,12,1000,24000,0,0,0
add_m,1,10000,20000,0,0,0
add_m,2,10000,40000,0,0,0
add_m,4,10000,80000,0,0,0
add_m,8,10000,160000,0,0,0
add_m,12,10000,240000,0,0,0
add-c,1,10000,20000,0,0,0
add-c,2,10000,40000,0,0,0
add-c,4,10000,80000,0,0,0
add-c,8,10000,160000,0,0,0
add-c,12,10000,240000,0,0,0
add-s,1,10000,20000,0,0,0
add-s,2,10000,40000,0,0,0
add-s,4,10000,80000,0,0,0
add-s,8,10000,160000,0,0,0
add-s,12,10000,240000,0,0,0
add-none,2,100,400,0,0,0
add-none,2,1000,4000,0,0,0
add-none,2,10000,40000,0,0,-4273
add-none,2,100000,400000,0,0,76
add-none,4,100,800,0,0,0
add-none,4,1000,8000,0,0,0
add-none,4,10000,80000,0,0,-1738
add-none,4,100000,800000,0,0,-36869
add-none,8,100,1600,0,0,0
add-none,8,1000,16000,0,0,-59
add-none,8,10000,160000,0,0,792
add-none,8,100000,1600000,0,0,-20533
add-none,12,100,2400,0,0,0
add-none,12,1000,24000,0,0,458
add-none,12,10000,240000,0,0,-2738
add-none,12,100000,2400000,0,0,-59074
add-yield-none,2,10,40,0,0,0
add-yield-none,4,10,80,0,0,0
add-yield-none,8,10,160,0,0,0
add-yield-none,12,10,240,0,0,0
add-yield-none,2,20,80,0,0,11
add-yield-none,4,20,160,0,0,7
add-yield-none,8,20,320,0,0,8
add-yield-none,12,20,480,0,0,26
add-yield-none,2,40,160,0,0,34
add-yield-none,4,40,320,0,0,21
add-yield-none,8,40,640,0,0,135
add-yield-none,12,40,960,0,0,140
add-yield-none,2,80,320,0,0,0
add-yield-none,4,80,640,0,0,68
add-yield-none,8,80,1280,0,0,144
add-yield-none,12,80,1920,0,0,352
add-yield-none,2,100,400,0,0,72
add-yield-none,4,100,800,0,0,94
add-yield-none,8,100,1600,0,0,220
add-yield-none,12,100,2400,0,0,281
add-yield-none,2,1000,4000,0,0,-41
add-yield-none,4,1000,8000,0,0,-195
add-yield-none,8,1000,16000,0,0,211
add-yield-none,12,1000,24000,0,0,350
add-yield-none,2,10000,40000,0,0,16
add-yield-none,4,10000,80000,0,0,-631
add-yield-none,8,10000,160000,0,0,-3047
add-yield-none,12,10000,240000,0,0,570
add-yield-none,2,100000,400000,0,0,-1548
add-yield-none,4,100000,800000,0,0,-14403
add-yield-none,8,100000,1600000,1000000001,625,-4418
add-yield-none,12,100000,2400000,0,0,-6629
add-none,1,100,200,0,0,0
add-none,1,1000,2000,0,0,0
add-none,1,10000,20000,0,0,0
add-none,1,100000,200000,0,0,0
add-none,1,1000000,2000000,0,0,0
add-none,2,100,400,0,0,0
add-none,2,1000,4000,0,0,0
add-none,2,10000,40000,0,0,-1292
add-none,2,100000,400000,0,0,-18953
add-none,2,1000000,4000000,0,0,-934345
add-none,4,100,800,0,0,-100
add-none,4,1000,8000,0,0,502
add-none,4,10000,80000,0,0,-1494
add-none,4,100000,800000,0,0,-21217
add-none,4,1000000,8000000,0,0,-730229
add-yield-none,1,100,200,0,0,0
add-yield-none,1,1000,2000,0,0,0
add-yield-none,1,10000,20000,0,0,0
add-yield-none,1,100000,200000,0,0,0
add-yield-none,1,1000000,2000000,1000000001,500,0
add-yield-none,2,100,400,0,0,48
add-yield-none,2,1000,4000,0,0,159
add-yield-none,2,10000,40000,0,0,143
add-yield-none,2,100000,400000,0,0,-6852
add-yield-none,2,1000000,4000000,0,0,-46458
add-yield-none,4,100,800,0,0,36
add-yield-none,4,1000,8000,0,0,-108
add-yield-none,4,10000,80000,0,0,4
add-yield-none,4,100000,800000,0,0,-4833
add-yield-none,4,1000000,8000000,1000000001,125,-78640
add-yield-m,2,10000,40000,0,0,0
add-yield-m,4,10000,80000,0,0,0
add-yield-m,8,10000,160000,1000000001,6250,0
add-yield-m,12,10000,240000,0,0,0
add-yield-c,2,10000,40000,0,0,0
add-yield-c,4,10000,80000,0,0,0
add-yield-c,8,10000,160000,0,0,0
add-yield-c,12,10000,240000,0,0,0
add-yield-s,2,10000,40000,0,0,0
add-yield-s,4,10000,80000,0,0,0
add-yield-s,8,1000,16000,0,0,0
add-yield-s,12,1000,24000,0,0,0
add_m,1,10000,20000,0,0,0
add_m,2,10000,40000,0,0,0
add_m,4,10000,80000,0,0,0
add_m,8,10000,160000,0,0,0
add_m,12,10000,240000,0,0,0
add-c,1,10000,20000,0,0,0
add-c,2,10000,40000,0,0,0
add-c,4,10000,80000,0,0,0
add-c,8,10000,160000,0,0,0
add-c,12,10000,240000,0,0,0
add-s,1,10000,20000,0,0,0
add-s,2,10000,40000,0,0,0
add-s,4,10000,80000,0,0,0
add-s,8,10000,160000,0,0,0
add-s,12,10000,240000,1000000001,4166,0
add-none,2,100,400,0,0,-18
add-none,2,1000,4000,0,0,0
add-none,2,10000,40000,0,0,-677
add-none,2,100000,400000,0,0,-13561
add-none,4,100,800,0,0,-106
add-none,4,1000,8000,0,0,958
add-none,4,10000,80000,0,0,-7331
add-none,4,100000,800000,0,0,-111879
add-none,8,100,1600,0,0,100
add-none,8,1000,16000,0,0,-547
add-none,8,10000,160000,0,0,-7100
add-none,8,100000,1600000,0,0,-146749
add-none,12,100,2400,0,0,-10
add-none,12,1000,24000,0,0,177
add-none,12,10000,240000,0,0,-10463
add-none,12,100000,2400000,0,0,-51779
add-yield-none,2,10,40,0,0,0
add-yield-none,4,10,80,0,0,0
add-yield-none,8,10,160,0,0,5
add-yield-none,12,10,240,0,0,1
add-yield-none,2,20,80,0,0,17
add-yield-none,4,20,160,0,0,0
add-yield-none,8,20,320,0,0,0
add-yield-none,12,20,480,0,0,0
add-yield-none,2,40,160,0,0,0
add-yield-none,4,40,320,0,0,0
add-yield-none,8,40,640,0,0,34
add-yield-none,12,40,960,0,0,70
add-yield-none,2,80,320,0,0,0
add-yield-none,4,80,640,0,0,73
add-yield-none,8,80,1280,0,0,195
add-yield-none,12,80,1920,0,0,60
add-yield-none,2,100,400,0,0,0
add-yield-none,4,100,800,0,0,91
add-yield-none,8,100,1600,0,0,83
add-yield-none,12,100,2400,0,0,97
add-yield-none,2,1000,4000,0,0,-7
add-yield-none,4,1000,8000,0,0,101
add-yield-none,8,1000,16000,0,0,246
add-yield-none,12,1000,24000,0,0,196
add-yield-none,2,10000,40000,0,0,-76
add-yield-none,4,10000,80000,0,0,-187
add-yield-none,8,10000,160000,0,0,-1316
add-yield-none,12,10000,240000,0,0,299
add-yield-none,2,100000,400000,0,0,-1344
add-yield-none,4,100000,800000,0,0,-12122
add-yield-none,8,100000,1600000,0,0,3448
add-yield-none,12,100000,2400000,0,0,-24208
add-none,1,100,200,0,0,0
add-none,1,1000,2000,0,0,0
add-none,1,10000,20000,0,0,0
add-none,1,100000,200000,0,0,0
add-none,1,1000000,2000000,0,0,0
add-none,2,100,400,0,0,0
add-none,2,1000,4000,0,0,0
add-none,2,10000,40000,0,0,-177
add-none,2,100000,400000,0,0,-50907
add-none,2,1000000,4000000,0,0,-205335
add-none,4,100,800,0,0,0
add-none,4,1000,8000,0,0,460
add-none,4,10000,80000,0,0,-265
add-none,4,100000,800000,0,0,-73271
add-none,4,1000000,8000000,1000000001,125,-948110
add-yield-none,1,100,200,0,0,0
add-yield-none,1,1000,2000,0,0,0
add-yield-none,1,10000,20000,0,0,0
add-yield-none,1,100000,200000,0,0,0
add-yield-none,1,1000000,2000000,0,0,0
add-yield-none,2,100,400,0,0,42
add-yield-none,2,1000,4000,0,0,11
add-yield-none,2,10000,40000,0,0,-321
add-yield-none,2,100000,400000,0,0,-291
add-yield-none,2,1000000,4000000,1000000001,250,-3875
add-yield-none,4,100,800,0,0,90
add-yield-none,4,1000,8000,0,0,210
add-yield-none,4,10000,80000,0,0,-5931
add-yield-none,4,100000,800000,0,0,-21184
add-yield-none,4,1000000,8000000,1000000001,125,-154862
add-yield-m,2,10000,40000,0,0,0
add-yield-m,4,10000,80000,0,0,0
add-yield-m,8,10000,160000,0,0,0
add-yield-m,12,10000,240000,0,0,0
add-yield-c,2,10000,40000,0,0,0
add-yield-c,4,10000,80000,0,0,0
add-yield-c,8,10000,160000,0,0,0
add-yield-c,12,10000,240000,0,0,0
add-yield-s,2,10000,40000,0,0,0
add-yield-s,4,10000,80000,1000000001,12500,0
add-yield-s,8,1000,16000,0,0,0
add-yield-s,12,1000,24000,0,0,0
add-m,1,10000,20000,0,0,0
add-m,2,10000,40000,0,0,0
add-m,4,10000,80000,0,0,0
add-m,8,10000,160000,0,0,0
add-m,12,10000,240000,0,0,0
add-c,1,10000,20000,0,0,0
add-c,2,10000,40000,0,0,0
add-c,4,10000,80000,0,0,0
add-c,8,10000,160000,0,0,0
add-c,12,10000,240000,0,0,0
add-s,1,10000,20000,0,0,0
add-s,2,10000,40000,0,0,0
add-s,4,10000,80000,0,0,0
add-s,8,10000,160000,0,0,0
add-s,12,10000,240000,0,0,0
add-none,2,100,400,0,0,0
add-none,2,1000,4000,0,0,161
add-none,2,10000,40000,0,0,-2378
add-none,2,100000,400000,0,0,-22094
add-none,4,100,800,0,0,0
add-none,4,1000,8000,0,0,443
add-none,4,10000,80000,0,0,482
add-none,4,100000,800000,0,0,-12639
add-none,8,100,1600,0,0,0
add-none,8,1000,16000,0,0,79
add-none,8,10000,160000,0,0,-692
add-none,8,100000,1600000,0,0,-25995
add-none,12,100,2400,0,0,0
add-none,12,1000,24000,0,0,-57
add-none,12,10000,240000,0,0,-722
add-none,12,100000,2400000,0,0,-20366
add-yield-none,2,10,40,0,0,0
add-yield-none,4,10,80,0,0,0
add-yield-none,8,10,160,0,0,9
add-yield-none,12,10,240,0,0,0
add-yield-none,2,20,80,0,0,0
add-yield-none,4,20,160,0,0,15
add-yield-none,8,20,320,0,0,0
add-yield-none,12,20,480,0,0,11
add-yield-none,2,40,160,0,0,0
add-yield-none,4,40,320,0,0,37
add-yield-none,8,40,640,0,0,95
add-yield-none,12,40,960,0,0,153
add-yield-none,2,80,320,0,0,15
add-yield-none,4,80,640,0,0,91
add-yield-none,8,80,1280,0,0,160
add-yield-none,12,80,1920,0,0,401
add-yield-none,2,100,400,0,0,70
add-yield-none,4,100,800,0,0,57
add-yield-none,8,100,1600,0,0,174
add-yield-none,12,100,2400,0,0,177
add-yield-none,2,1000,4000,0,0,25
add-yield-none,4,1000,8000,0,0,121
add-yield-none,8,1000,16000,0,0,161
add-yield-none,12,1000,24000,0,0,171
add-yield-none,2,10000,40000,0,0,-595
add-yield-none,4,10000,80000,0,0,-976
add-yield-none,8,10000,160000,0,0,-3265
add-yield-none,12,10000,240000,0,0,-64
add-yield-none,2,100000,400000,0,0,-4452
add-yield-none,4,100000,800000,1000000001,1250,-18745
add-yield-none,8,100000,1600000,0,0,-2867
add-yield-none,12,100000,2400000,0,0,-31896
add-none,1,100,200,0,0,0
add-none,1,1000,2000,0,0,0
add-none,1,10000,20000,0,0,0
add-none,1,100000,200000,0,0,0
add-none,1,1000000,2000000,0,0,0
add-none,2,100,400,0,0,0
add-none,2,1000,4000,0,0,0
add-none,2,10000,40000,0,0,3268
add-none,2,100000,400000,0,0,-756
add-none,2,1000000,4000000,0,0,-172813
add-none,4,100,800,0,0,0
add-none,4,1000,8000,0,0,0
add-none,4,10000,80000,0,0,-1593
add-none,4,100000,800000,0,0,-51396
add-none,4,1000000,8000000,0,0,-203500
add-yield-none,1,100,200,0,0,0
add-yield-none,1,1000,2000,0,0,0
add-yield-none,1,10000,20000,0,0,0
add-yield-none,1,100000,200000,0,0,0
add-yield-none,1,1000000,2000000,1000000001,500,0
add-yield-none,2,100,400,0,0,28
add-yield-none,2,1000,4000,0,0,18
add-yield-none,2,10000,40000,0,0,30
add-yield-none,2,100000,400000,0,0,-1250
add-yield-none,2,1000000,4000000,1000000001,250,-80488
add-yield-none,4,100,800,0,0,107
add-yield-none,4,1000,8000,0,0,162
add-yield-none,4,10000,80000,0,0,166
add-yield-none,4,100000,800000,0,0,-47021
add-yield-none,4,1000000,8000000,1000000001,125,-147225
add-yield-m,2,10000,40000,0,0,0
add-yield-m,4,10000,80000,0,0,0
add-yield-m,8,10000,160000,0,0,0
add-yield-m,12,10000,240000,0,0,0
add-yield-c,2,10000,40000,0,0,0
add-yield-c,4,10000,80000,0,0,0
add-yield-c,8,10000,160000,0,0,0
add-yield-c,12,10000,240000,0,0,0
add-yield-s,2,10000,40000,0,0,0
add-yield-s,4,10000,80000,0,0,0
add-yield-s,8,1000,16000,0,0,0
add-yield-s,12,1000,24000,0,0,0
add_m,1,10000,20000,0,0,0
add_m,2,10000,40000,0,0,0
add_m,4,10000,80000,0,0,0
add_m,8,10000,160000,0,0,0
add_m,12,10000,240000,1000000001,4166,0
add-c,1,10000,20000,0,0,0
add-c,2,10000,40000,0,0,0
add-c,4,10000,80000,0,0,0
add-c,8,10000,160000,0,0,0
add-c,12,10000,240000,0,0,0
add-s,1,10000,20000,0,0,0
add-s,2,10000,40000,0,0,0
add-s,4,10000,80000,0,0,0
add-s,8,10000,160000,0,0,0
add-s,12,10000,240000,0,0,0
add-none,2,100,400,155411,388,77
add-none,2,1000,4000,185956,46,9
add-none,2,10000,40000,602706,15,-828
add-none,2,100000,400000,5251343,13,-13113
add-none,4,100,800,179020,223,0
add-none,4,1000,8000,229454,28,-553
add-none,4,10000,80000,1280376,16,-4085
add-none,4,100000,800000,11479089,14,-53235
add-none,8,100,1600,291541,182,0
add-none,8,1000,16000,283663,17,212
add-none,8,10000,160000,2455997,15,-467
add-none,8,100000,1600000,23471139,14,-15172
add-none,12,100,2400,375407,156,0
add-none,12,1000,24000,399042,16,58
add-none,12,10000,240000,3547420,14,-1200
add-none,12,100000,2400000,34226345,14,-22926
add-yield-none,2,10,40,165365,4134,0
add-yield-none,4,10,80,183885,2298,0
add-yield-none,8,10,160,303191,1894,9
add-yield-none,12,10,240,389069,1621,6
add-yield-none,2,20,80,152640,1908,0
add-yield-none,4,20,160,196047,1225,15
add-yield-none,8,20,320,280322,876,4
add-yield-none,12,20,480,360609,751,0
add-yield-none,2,40,160,174380,1089,4
add-yield-none,4,40,320,211090,659,45
add-yield-none,8,40,640,292417,456,55
add-yield-none,12,40,960,404330,421,49
add-yield-none,2,80,320,163863,512,24
add-yield-none,4,80,640,269111,420,67
add-yield-none,8,80,1280,332531,259,81
add-yield-none,12,80,1920,422625,220,170
add-yield-none,2,100,400,182194,455,13
add-yield-none,4,100,800,258027,322,131
add-yield-none,8,100,1600,480548,300,72
add-yield-none,12,100,2400,426781,177,119
add-yield-none,2,1000,4000,924769,231,-17
add-yield-none,4,1000,8000,1054867,131,64
add-yield-none,8,1000,16000,1859668,116,162
add-yield-none,12,1000,24000,2387575,99,29
add-yield-none,2,10000,40000,7227592,180,-299
add-yield-none,4,10000,80000,9657441,120,-2301
add-yield-none,8,10000,160000,15820091,98,-1410
add-yield-none,12,10000,240000,22815625,95,139
add-yield-none,2,100000,400000,70114134,175,-2157
add-yield-none,4,100000,800000,94593465,118,-18310
add-yield-none,8,100000,1600000,146842731,91,-5914
add-yield-none,12,100000,2400000,214878978,89,-21346
add-none,1,100,200,132690,663,0
add-none,1,1000,2000,120947,60,0
add-none,1,10000,20000,258499,12,0
add-none,1,100000,200000,1470713,7,0
add-none,1,1000000,2000000,13382226,6,0
add-none,2,100,400,147835,369,89
add-none,2,1000,4000,187549,46,143
add-none,2,10000,40000,653961,16,-2360
add-none,2,100000,400000,5409800,13,-26459
add-none,2,1000000,4000000,49196286,12,-264121
add-none,4,100,800,177789,222,0
add-none,4,1000,8000,203621,25,1071
add-none,4,10000,80000,1969184,24,-3592
add-none,4,100000,800000,11907533,14,-41811
add-none,4,1000000,8000000,107944130,13,-370657
add-yield-none,1,100,200,155589,777,0
add-yield-none,1,1000,2000,572732,286,0
add-yield-none,1,10000,20000,4628369,231,0
add-yield-none,1,100000,200000,45229133,226,0
add-yield-none,1,1000000,2000000,443609989,221,0
add-yield-none,2,100,400,219649,549,1
add-yield-none,2,1000,4000,829869,207,-68
add-yield-none,2,10000,40000,7260869,181,-731
add-yield-none,2,100000,400000,72028674,180,-3219
add-yield-none,2,1000000,4000000,705015660,176,-31113
add-yield-none,4,100,800,237297,296,18
add-yield-none,4,1000,8000,1119434,139,-203
add-yield-none,4,10000,80000,9463230,118,-1848
add-yield-none,4,100000,800000,98571411,123,-2923
add-yield-none,4,1000000,8000000,970174137,121,-152323
add-yield-m,2,10000,40000,16417812,410,0
add-yield-m,4,10000,80000,61700448,771,0
add-yield-m,8,10000,160000,160790345,1004,0
add-yield-m,12,10000,240000,237443676,989,0
add-yield-c,2,10000,40000,12231536,305,0
add-yield-c,4,10000,80000,32584330,407,0
add-yield-c,8,10000,160000,84875827,530,0
add-yield-c,12,10000,240000,128228395,534,0
add-yield-s,2,10000,40000,14691776,367,0
add-yield-s,4,10000,80000,51676355,645,0
add-yield-s,8,1000,16000,14316288,894,0
add-yield-s,12,1000,24000,30341818,1264,0
add-m,1,10000,20000,774212,38,0
add-m,2,10000,40000,3664962,91,0
add-m,4,10000,80000,15260339,190,0
add-m,8,10000,160000,35491416,221,0
add-m,12,10000,240000,56242559,234,0
add-c,1,10000,20000,515291,25,0
add-c,2,10000,40000,2361692,59,0
add-c,4,10000,80000,6409881,80,0
add-c,8,10000,160000,16886616,105,0
add-c,12,10000,240000,27958345,116,0
add-s,1,10000,20000,472519,23,0
add-s,2,10000,40000,7378692,184,0
add-s,4,10000,80000,27033750,337,0
add-s,8,10000,160000,84076620,525,0
add-s,12,10000,240000,186807743,778,0
